title,link
"Florida Man Masturbates Outside of Walmart, Grabs Deputy’s Butt",https://floridaman.com/masturbates-outside-of-walmart-grabs-deputys-butt/
Florida Man Cuts off Penis of Wife’s Lover with Scissors,https://floridaman.com/cuts-off-penis-of-wifes-lover-with-scissors/
"75-Year Old Florida Man Fights Alligator, Saves Dog",https://floridaman.com/75-year-old-florida-man-fights-alligator-saves-dog/
Florida Man Makes Threats with Sword After Game Console Loses Power,https://floridaman.com/florida-man-makes-threats-with-sword-after-game-console-loses-power/
Florida Man Tries to Steal 26 Cars from Jail Parking Just After Being Released,https://floridaman.com/florida-man-tries-to-steal-26-cars-from-jail-parking-just-after-being-released/
Drunken Florida Man Breaks Back Jumping Canal in Nissan Versa,https://floridaman.com/drunken-florida-man-breaks-back-jumping-canal-in-nissan-versa/
"Drunken Florida Man Threatens to Stab Coworkers, Strips Naked, Passes Out",https://floridaman.com/threatens-to-stab-coworkers-strips-naked-passes-out/
"Florida Man Throws Feces at Judge during Trial, Gets Acquitted",https://floridaman.com/throws-feces-at-judge-during-trial-gets-acquitted/
Naked Florida Man Masturbates in Front of his Motel Window While Watching People Walk By,https://floridaman.com/masturbates-in-front-his-motel-window-while-watching-people-walk-by/
Florida Man Dressed as Spider-Man Spotted Power Washing Roof,https://floridaman.com/dressed-as-spider-man-spotted-power-washing-roof/
"Florida Man Eats Chicken Wings, Refuses to Pay for Them, Pulls out His Penis",https://floridaman.com/eats-chicken-wings-refuses-to-pay-for-them-pulls-out-his-penis/
Florida Man Steals 75 Pool Floats So He Can Have Sex with Them,https://floridaman.com/florida-man-steals-75-pool-floats-so-he-can-have-sex-with-them/
Florida Man Asks Cop to Help Him Start Scooter He Was Trying to Steal,https://floridaman.com/asks-cop-to-help-him-start-scooter-he-was-trying-to-steal/
"Florida Man Threatens Man with Ax, Steals and Crashes Car, Found Naked Hiding in Chicken Coop",https://floridaman.com/florida-man-threatens-man-with-ax-steals-and-crashes-car-found-naked-hiding-in-chicken-coop/
"Naked Florida Man Dances at Mcdonald’s, Tries to Have Sex with Railing",https://floridaman.com/naked-florida-man-dances-at-mcdonalds-tries-to-have-sex-with-railing/
Florida Man with Cocaine on His Nose Tells Cops It’s Not His,https://floridaman.com/cocaine-on-his-nose-tells-cops-its-not-his/
"Florida Man goes to Restaurant, Stands on Chairs, Flips off Customers, Tells Cops To “Go to Dunkin Donuts”",https://floridaman.com/goes-to-restaurant-stands-on-chairs-flips-off-customers-tells-cops-to-go-to-dunkin-donuts/
Florida Man Arrested for Assault with Ketchup,https://floridaman.com/arrested-for-assault-with-ketchup/
"Florida Man Tries to Break into ATM with Blowtorch, Welds It Shut Instead",https://floridaman.com/tries-to-break-into-atm-with-blowtorch-welds-it-shut-instead/
Florida Man Pours Salt on Floor of Walmart to Get Rid of “Evil Spirits” Around Him,https://floridaman.com/pours-salt-on-floor-of-walmart-to-get-rid-of-evil-spirits-around-him/
"Florida Man Breaks into Woman’s Home, Wears her Clothes, Asks Her for a Drink",https://floridaman.com/breaks-into-womans-home-wears-her-clothes-asks-for-drink/
Florida Man Tells Cop His Name Is “Ben Dover”,https://floridaman.com/ben-dover/
Florida Man Attacks Mom with Corn on the Cob,https://floridaman.com/florida-man-attacks-mom-with-corn-cob/
Florida Man Attacked by Python Hiding in Toilet,https://floridaman.com/attacked-by-python-hiding-in-toilet/
"Florida Man Tells Cops He’ll Behead Them, Eat Their Eyes &amp; Tongues",https://floridaman.com/tells-cops-hell-behead-them/
Florida Man Has Conversation with ATM Before Charging Deputy,https://floridaman.com/florida-man-has-conversation-with-atm-before-charging-deputy/
"Shirtless Florida Man Steals FHP Cruiser, Takes off down Highway at 150mph",https://floridaman.com/shirtless-florida-man-steals-fhp-cruiser/
Florida Man Exposes Genitals to Women While Riding Walmart Scooter,https://floridaman.com/exposes-genitals-riding-walmart-scooter/
Florida Man on the Run Found Hiding Inside Dishwasher,https://floridaman.com/hiding-inside-dishwasher/
Florida Man Slaps Florida Woman with Cheeseburger,https://floridaman.com/florida-man-slaps-florida-woman-with-cheeseburger/
Shirtless Florida Man Fights Tree,https://floridaman.com/shirtless-florida-man-fights-tree/
"Florida Man Plays Basketball Naked at Public Park, Says It Will Enhance His Skill Level",https://floridaman.com/plays-basketball-naked/
"Florida Man Impersonates FBI Agent, Harasses Homeowner, Leaves Live Catfishes on Driveway, Flees on Bicycle",https://floridaman.com/impersonates-fbi-agent-harasses-homeowner/
"Florida Man Drives Cadillac from Sunroof down Highway, Says He’d Rather Go to Jail Than Back to His Wife",https://floridaman.com/drives-cadillac-from-sunroof/
Naked Florida Man Pleasures Himself in Front of Horrified Onlookers,https://floridaman.com/naked-florida-man-pleasures-himself/
Florida Man Arrested After Refusing to Remove “I Eat Ass” Sticker from Truck,https://floridaman.com/arrested-after-refusing-remove-i-eat-ass-sticker/
Florida Woman Pulls Alligator out of Pants During Traffic Stop,https://floridaman.com/woman-pulls-alligator-pants-traffic-stop/
Florida Man with BAC over Three Times Legal Limit Crashes Lawnmower Into Cop Car,https://floridaman.com/crashes-lawnmower-into-cop-car/
Naked Florida Man Arrested for “Actively Tugging” Genitals While Walking Around Neighborhood,https://floridaman.com/naked-actively-tugging-genitals/
Wig-Wearing Florida Man Arrested Among 100 Others in Epic drug Bust,https://floridaman.com/wig-wearing-florida-man-arrested-epic-drug-bust/
Florida Man Masturbates on Beach Because There Were “Women in Thongs”,https://floridaman.com/masturbates-beach-because-women-thongs/
Speedo-Wearing Florida Man Flags down Deputies to Show off His Pot Plant,https://floridaman.com/speedo-wearing-florida-man-flags-down-deputies-to-show-off-his-pot-plant/
Florida Man Wearing Bonnet &amp; Flower Dress Steals Baby Formula,https://floridaman.com/wearing-bonnet-dress-steals-baby-formula/
Florida Man Resists Arrest by Singing Karaoke,https://floridaman.com/resists-arrest-singing-karaoke/
Florida Man Says He’ll “Shoot All the Employees” at Pet Store over Sick Puppies,https://floridaman.com/shoot-employees-pet-store-sick-puppies/
Drunken Florida Man Tells Cops He’s Jason Bourne,https://floridaman.com/tells-cops-jason-bourne/
"Florida Man Breaks into Office, Puts Sign in Window: “Secretary Wanted, $17/Hour”",https://floridaman.com/breaks-into-office-leaves-sign-17-hour/
Florida Man Thinks His Shopping Cart Is a Street Legal Car,https://floridaman.com/thinks-shopping-cart-street-legal-car/
Florida Man Threatens to Kill Landscaper After Leaving Grass Clippings on His Lawn,https://floridaman.com/threatens-landscaper-grass-clippings/
"Florida Man on Meth Attacks Mattress, Was Looking For Man “Hiding Inside”",https://floridaman.com/meth-attacks-mattress-looking-for-man-inside/
Florida Man Says He’s “Too Fat” for DUI Test,https://floridaman.com/too-fat-for-dui-test/
Florida Man Stabs Nephew Because He Took Too Long in the Bathroom,https://floridaman.com/stabs-nephew-took-too-long-bathroom/
Florida Man Pretending to Be Cop Pulls over Actual Cop,https://floridaman.com/florida-man-pretending-to-be-cop-pulls-over-actual-cop/
Florida Man Gets Beat up by the Easter Bunny,https://floridaman.com/florida-man-gets-beat-up-by-the-easter-bunny/
Florida Man’s Homemade Bomb Goes Flying into Neighbor’s Backyard,https://floridaman.com/homemade-bomb-goes-flying-into-neighbors-backyard/
Florida Man Advertises Weapons Class by Pulling Pants down &amp; Exposing Himself to Traffic,https://floridaman.com/advertises-weapons-class-by-pulling-pants-down-exposing-himself-to-traffic/
Florida Man Hides Drugs in His Butt Crack,https://floridaman.com/florida-man-hides-drugs-in-his-butt-crack/
Florida Man Walks out of Store with 12 Boxes of Golf Balls in His Pants,https://floridaman.com/12-boxes-golf-balls-pants/
80 Year Old Florida Man Fights Alligator,https://floridaman.com/80-fights-alligator/
Naked Florida Man Breaks into Concession Stand to Steal Hotdogs,https://floridaman.com/naked-florida-man-breaks-into-concession-stand-to-steal-hotdogs/
Florida Man Burglar Clobbered by 65-Year Old Florida Woman with Baseball Bat,https://floridaman.com/burglar-clobbered-by-65-year-old-florida-woman-with-baseball-bat/
"Machete-Wielding Florida Man Blocks Traffic, Hits Car",https://floridaman.com/machete-wielding-florida-man-blocks-traffic-hits-car/
Florida Man Shoots Woman with Water Gun Filled with His Own Urine,https://floridaman.com/shoots-woman-water-gun-filled-urine/
Florida Man Exposes Genitals in Traffic,https://floridaman.com/exposes-genitals-in-traffic/
"Florida Man Strips Naked, Poops in Family’s Yard",https://floridaman.com/strips-naked-poops-in-familys-yard/
"Florida Man on Motorcycle Taunts Deputies, Then Crashes into Tree",https://floridaman.com/florida-man-on-motorcycle-taunts-deputies-then-crashes-into-tree/
"Florida Man Mayor Smokes Crack, Eats Meth, Practices Medicine Without License, Fires on SWAT Team",https://floridaman.com/mayor-smokes-crack-eats-meth-practices-medicine-without-license-fires-on-swat-team/
"Florida Man Shows up to Hospital Naked, Says He’s “Ready to Go”",https://floridaman.com/florida-man-shows-up-to-hospital-naked-says-hes-ready-to-go/
Florida Man Driving Around with Pants down Says He Was Just Working out,https://floridaman.com/driving-around-pants-down-working-out/
Florida Man Threatens to Destroy Everyone with his Army of Turtles,https://floridaman.com/threatens-to-destroy-everyone-with-army-of-turtles/
"Florida Man Steals Car Back from Towing Company, Smashes Through Gate",https://floridaman.com/steals-car-back-from-towing-company-smashes-through-gate/
Florida Man Back in Jail for Murder Minutes After Being Released,https://floridaman.com/florida-man-back-in-jail-for-murder-minutes-after-being-released/
Florida Man Attacks Parents over Pork Chop,https://floridaman.com/attacks-parents-over-pork-chop/
"Florida Man Breaks into Village Hall, Causes $500,000 in Damages, Smears Blood on American Flag",https://floridaman.com/breaks-into-village-hall-causes-500000-in-damages/
Florida Man Steals from Kmart Days After Buying $8 Million Private Island,https://floridaman.com/florida-man-steals-from-kmart-days-after-buying-8-million-private-island/
"Drunk, Shirtless Florida Man Shovels Spaghetti into His Mouth at Olive Garden",https://floridaman.com/drunk-shirtless-florida-man-shovels-spaghetti-in-his-mouth-at-olive-garden/
Florida Man Pretending to Be Cop for Youtube Views Gets Arrested,https://floridaman.com/florida-man-pretending-to-be-cop-for-youtube-views-gets-arrested/
Family Comes Home to Find Drunken Florida Man Sleeping on Porch with Loaded Shotgun,https://floridaman.com/family-comes-home-to-find-drunken-florida-man-sleeping-on-porch-with-loaded-shotgun/
"Florida Man Fires Gun inside Home, Shatters Toilet",https://floridaman.com/fires-gun-inside-home-shatters-toilet/
"Florida Man Bonds out of Jail, Then Burglarizes Cars in Jail Parking Lot",https://floridaman.com/florida-man-bonds-out-of-jail-then-burglarizes-cars-in-jail-parking-lot/
7 Times Florida Man Channeled his Inner Comic Book Hero,https://floridaman.com/7-times-florida-man-channeled-his-inner-comic-book-hero/
Thong-Wearing Florida Man Found in Man’s Backyard Building a Shed and Throwing Chairs,https://floridaman.com/thong-wearing-florida-man-found-in-mans-backyard-building-a-shed-and-throwing-chairs/
"Florida Man Attacks with Razor Blade, Machete in Argument over Squeegee",https://floridaman.com/florida-man-attacks-with-razor-blade-machete-in-argument-over-squeegee/
"Drunken Florida Man Drives around on Golf Cart, 5 Bottles of Fireball Found Inside",https://floridaman.com/drunken-florida-man-drives-around-on-golf-cart-5-bottles-of-fireball-found-inside/
Florida Man Stabs Man in Argument over Donuts,https://floridaman.com/florida-man-stabs-man-in-argument-over-donuts/
Florida Man Steals Nearly 6k Worth of Sunglasses,https://floridaman.com/florida-man-steals-nearly-6k-worth-of-sunglasses/
"Face-Eating Florida Man Claims He Was ‘Half-Man, Half-Dog’",https://floridaman.com/face-eating-florida-man-claims-he-was-half-man-half-dog/
"Florida Man Applies for Job, Gets Arrested for Attempted Murder 20 Years Ago",https://floridaman.com/florida-man-applies-for-job-gets-arrested-for-attempted-murder-20-years-ago/
"Florida Man Says He’s ‘Archangel Michael’, Tries to Blow up 16 Government Vehicles",https://floridaman.com/florida-man-says-hes-archangel-michael-tries-to-blow-up-16-gov-vehicles/
Florida Man Fakes Robbery to Get out of Work,https://floridaman.com/florida-man-fakes-robbery-to-get-out-of-work/
Florida Man Attacks His Mom Because She Refused to Dress His Mannequin,https://floridaman.com/florida-man-attacks-his-mom-because-she-refused-to-dress-his-mannequin/
Drunken Florida Man Goes to Jail Because He Wanted Egg Rolls,https://floridaman.com/drunken-florida-man-goes-to-jail-because-he-wanted-egg-rolls/
"Florida Man Calls 911, Says He Paid for Sex but Got Scammed Out of $500",https://floridaman.com/florida-man-calls-911-says-he-paid-for-sex-but-got-scammed-out-of-500/
Florida Man Shoots His Cousin over Sunglasses,https://floridaman.com/florida-man-shoots-his-cousin-over-sunglasses/
Florida Man Attacked by Florida Squirrel,https://floridaman.com/florida-man-attacked-by-florida-squirrel/
Florida Man Masturbates While Waiting at Social Security Office,https://floridaman.com/masturbates-social-security-office/
Florida Man Throws Pancake Batter on Woman,https://floridaman.com/throws-pancake-batter/
Florida Man Found Passed out Drunk Behind the Wheel in a Wendy’s Drive-Thru Line,https://floridaman.com/drunk-wendys/
"Florida Man Wearing Spider Man Mask Robs Store for Booze, Cigarettes",https://floridaman.com/spider-man-mask-robs-store/
Florida Man Calls 911 After Finding Iguana Swimming in Toilet,https://floridaman.com/florida-man-calls-911-after-finding-iguana-swimming-in-toilet/
Florida Man Stuffs a Pound of Marijuana in His Pants During Traffic Stop,https://floridaman.com/stuffs-pound-marijuana-pants-traffic-stop/
Florida Man Pressure Washes His Neighbor,https://floridaman.com/pressure-washes-neighbor/
"Florida Man Steals $33,000 of Rare Coins, Redeems at Coinstar for 30 Dollars",https://floridaman.com/steals-33000-rare-coins-redeems-coinstar/
"Florida Man Goes to Sheriff’s Office, Steals Flag, Exposes Himself",https://floridaman.com/sheriffs-office-steals-flag-exposes-himself/
Cross Dressing Florida Man Sentenced to 6 Years for Burglarizing,https://floridaman.com/cross-dressing-florida-man-sentenced-to-6-years-for-burlgarizing/
"Florida Man Steals Toilet, Other Items from Home Depot",https://floridaman.com/steals-toilet-from-home-depot/
Florida Man Attacks Woman with Bag of Tortilla Chips,https://floridaman.com/attacks-woman-bag-tortilla-chips/
Florida Man Takes Grenade Launcher to Airport,https://floridaman.com/takes-grenade-launcher-to-airport/
Naked Florida Man Rides Bicycle Backwards on Highway,https://floridaman.com/semi-nude-man-rides-bicycle-backward-again-on-florida-interstate/
Florida Man Attacks Coworker with Machete,https://floridaman.com/attacks-coworker-machete/
Florida Man Caught on Camera Licking Doorbells,https://floridaman.com/licking-doorbells/
Florida Man Threatens to Cut off Buttocks with Machete over Potato Chips,https://floridaman.com/threatens-cut-buttocks-machete-potato-chips/
Florida Man Says Multiple Syringes Found in Rectum Aren’t His,https://floridaman.com/florida-man-says-multiple-syringes-found-in-rectum-arent-his/
"Florida Man Says Aliens Have Landed, Burns down House Stocked with Flamethrowers and Ammo",https://floridaman.com/florida-man-thinks-rapture-is-happening-burns-down-house-stocked-with-flamethrowers-explosive-ammo/
Florida Man Shoves Footlong Sandwich down His Pants,https://floridaman.com/shoves-footlong-sandwich-down-pants/
"Florida Man Goes to Job Interview, Then Steals Shoes to Give to his Mom",https://floridaman.com/steals-shoes-after-job-interview/
"Florida Man Calls 911, Tells Cops: “Take Me to Jail, Motherf*cker!”",https://floridaman.com/florida-man-calls-911-tells-cops-take-me-to-jail-motherfucker/
Wide Necked Florida Man Enters Mugshot Hall of Fame,https://floridaman.com/wide-necked-florida-man-enters-mugshot-hall-of-fame/
"Naked Florida Man Breaks into Restaurant to Eat Ramen Noodles, Play Bongos",https://floridaman.com/naked-florida-man-breaks-into-restaurant-to-eat-ramen-noodles-play-bongos/
Florida Man Driving Car Full of Stolen Mail Crashes into Trailer Full of Alpacas,https://floridaman.com/florida-man-driving-car-full-of-stolen-mail-crashes-into-trailer-full-of-alpacas/
"Naked Florida Man Drinks 2 Liters of Vodka, Burns down House Baking Cookies on George Foreman Grill",https://floridaman.com/naked-florida-man-drinks-2-liters-of-vodka-burns-down-house-baking-cookies-on-george-foreman-grill/
Florida Man Shoves $100 of Iced Coffee in His Pants,https://floridaman.com/florida-man-shoves-100-of-iced-coffee-in-his-pants/
"Florida Man Goes to Japanese Steakhouse, Starts Stripping in Front of Customers",https://floridaman.com/florida-man-goes-to-japanese-steakhouse-starts-stripping-in-front-of-customers/
Florida Man Threatens to Blow up Lesbian Woman’s Home After Denying His Sexual Advances,https://floridaman.com/threatens-blow-up-lesbians-home/
"Florida Man Strips Naked at Mall, Makes Whooping Sounds at Police",https://floridaman.com/florida-man-strips-naked-at-mall-makes-whooping-sounds-at-police/
"Florida Man Brings Live Gator into Convenience Store, Chases Customers",https://floridaman.com/florida-man-brings-live-gator-into-convenience-store-chases-customers/
Florida Man Swings Anchor at Beachgoers Because They Ruined His Chicken,https://floridaman.com/swings-anchor-beach-chicken/
Armless Florida Man Stabs Tourist with Scissors Held in His Feet,https://floridaman.com/stabs-tourist-scissors-feet/
"Florida Man Breaks into Home, Gets Naked, Cooks Spaghetti",https://floridaman.com/florida-man-breaks-into-home-gets-naked-cooks-spaghetti/
Florida Man Pulled over During Traffic Stop Claims Dog Was Driving,https://floridaman.com/pulled-over-during-traffic-stop-claims-dog-was-driving/
"Florida Man Drives Stolen Car into Ditch, Has Diaper-Wearing Monkey Attached to Him",https://floridaman.com/florida-man-drives-stolen-car-into-ditch-has-diaper-wearing-monkey-attached-to-him/
Florida Man Upset over Low Quality Meth Calls Cops to Have Them Test It,https://floridaman.com/florida-man-upset-over-low-quality-meth-calls-cops-to-have-them-test-it/
"Florida Man Breaks into Home, Steals Alcohol, Poops on Floor, Falls Asleep on Couch",https://floridaman.com/florida-man-breaks-into-home-steals-alcohol-poops-on-floor-falls-asleep-on-couch/
Thieving Florida Man Gets Arm Stuck in Church Donation Box,https://floridaman.com/thieving-florida-man-gets-arm-stuck-in-church-donation-box/
Florida Man Robs 7 Eleven by Pointing Finger Like a Gun at Clerk,https://floridaman.com/florida-man-tries-rob-7-eleven-pointing-finger-like-gun-clerk/
"Florida Man Punches Mailboxes, Gets Tased 4 Times by Cops",https://floridaman.com/punches-mailboxes-gets-tased-four-times-cops/
Florida Man Says Scooter He Purchased Came with Meth &amp; Other Drugs Inside,https://floridaman.com/scooter-came-with-meth-coke-other-drugs-inside-florida-man-says-scooter-he-purchased-came-with-meth-coke-and-other-drugs-inside/
"Florida Man Offers $10,000 for Safe Return of His Stolen Monkey",https://floridaman.com/10000-safe-return-stolen-monkey/
"Florida Man Steals Swan Boat, Gets Stranded on Lake Eola Fountain",https://floridaman.com/steals-swan-boat-gets-stranded-lake-eola-fountain/
"Florida Man Goes to Steak N Shake, Urinates on Floor, Goes to Sleep",https://floridaman.com/steak-n-shake-urinates-floor-goes-sleep/
Florida Man Caught Stealing Beer Says He Was Just Exchanging for Cold Ones,https://floridaman.com/steals-beer-exchanging-for-cold-ones-florida-man-steals-beer-says-he-was-just-exchanging-it-for-cold-ones/
Florida Man Swings Dildo at Cops,https://floridaman.com/florida-man-swings-dildo-at-cops/
Florida Man Tries to Break into Vehicle Full of Cops,https://floridaman.com/florida-man-tries-to-break-into-vehicle-full-of-cops/
Florida Man Steals ATM from Strip Club,https://floridaman.com/steals-atm-strip-club/
"Florida Man Shoots up Meth, Howls and Stomps on Roofs, Tells Cops He’s Waiting for DEA",https://floridaman.com/florida-man-stomps-on-roofs-told-cops-he-was-meeting-up-with-dea-despite-shooting-up-meth-earlier-that-day/
"Florida Man Does Donuts on Scooter, Chases Woman",https://floridaman.com/florida-man-does-donuts-on-scooter-chases-woman/
"Florida Man Gets in 8 Hour Standoff with Police, Says He Was Just Shooting Rats in His Backyard the Whole Time",https://floridaman.com/florida-man-gets-in-8-hour-standoff-with-police-says-he-was-just-shooting-rats-in-his-backyard-the-whole-time/
"Naked Florida Man Runs into Woman’s Home, Tries on Her Clothes",https://floridaman.com/naked-florida-man-runs-into-womans-house-to-try-on-her-clothes/
"Florida Man Hides $1,000 in Rectum",https://floridaman.com/1000-in-rectum/
Florida Man Pulls out Fake AR-15 in McDonalds After Being Denied Ice Cream,https://floridaman.com/ar-15-mcdonalds/
Florida Man Says Hookah Smoking Caterpillar Told Him to Cause 100k in Damages to Liquor Store,https://floridaman.com/florida-man-says-hookah-smoking-caterpillar-told-him-to-cause-100k-in-damages-to-liquor-store/
Florida Man Arrested After Cocaine-Fueled 100mph Chase,https://floridaman.com/florida-man-arrested-after-cocaine-fueled-100mph-chase/
Florida Man Claiming to Have AIDS Brandishes Needle: “I Will Stick You”,https://floridaman.com/aids-brandishes-needle/
"Florida Man Tries to Rob Former WWE Wrestler, Fails Miserably",https://floridaman.com/florida-man-tries-to-rob-former-wwe-wrestler-fails-miserably/
Florida Man Steals Forklift Because He Was Tired of Walking,https://floridaman.com/florida-man-steals-forklift-because-he-was-tired-of-walking/
Florida Man Unplugs Bounce House with Kids Inside,https://floridaman.com/florida-man-unplugs-bounce-house-with-kids-inside/
Florida Man Tries to Hide Nearly 100 Heroin Pills up his Butt,https://floridaman.com/florida-man-attempts-to-hide-close-to-100-heroin-pills-in-his-butt/
"Florida Man Wearing Bucket on Head Breaks into Pet Shop, Steals Pigeons",https://floridaman.com/florida-man-wearing-bucket-steals-pigeons/
Florida Man Calls 911 Because His Mom Won’t Pay For IHOP,https://floridaman.com/911-mom-wont-pay-ihop/
"Florida Man Tries to Steal Beer, Bites Employee",https://floridaman.com/police-florida-man-tries-to-steal-beer-bites-employee/
Florida Man Leaving Strip Club Runs Himself over with his Own Truck,https://floridaman.com/florida-man-leaving-strip-club-runs-himself-over-with-his-own-truck/
Naked Florida Man Arrested Near School Bus Stop,https://floridaman.com/naked-florida-man-arrested-near-school-bus-stop/
"Florida Man Named ’Shaquille O’Neal’ Steals Veteran’s Wheelchair, Crashes Car",https://floridaman.com/florida-man-named-shaquille-oneal-steals-veterans-wheelchair-crashes-car/
Florida Man Installs Giant Penis Mailbox,https://floridaman.com/giant-penis-mailbox/
"Florida Man Breaks into Home, Cooks and Eats Pizza While Inside",https://floridaman.com/police-florida-man-breaks-into-home-cooks-and-eats-pizza-while-inside/
Florida Man Breaks into Woman’s Home to Pet Family Cat,https://floridaman.com/breaks-into-home-pet-family-cat/
Naked Florida Man Drives Around with Electrical Wires Wrapped around Penis,https://floridaman.com/naked-man-driving-with-electrical-wires-attached-to-penis/
"Florida Man Calls Himself Satan, Threatens to Kill If Not Given a Car",https://floridaman.com/florida-man-calls-satan-threatens-kill-not-given-car/
Florida Man Attacks Man with Pickaxe in Meth-Fueled Rage,https://floridaman.com/florida-man-attacks-man-pickaxe-meth-fueled-rage/
Florida Man Holding Six-Pack of Beer Shoots Rifle at Passing Cars,https://floridaman.com/gun-toting-florida-man-six-pack-beer-fires-passing-cars/
"Florida Man Orders Pizza, Stuffs It into His Mouth Instead of Paying",https://floridaman.com/deputies-florida-man-stuffs-pizza-cinnamon-sticks-in-mouth-instead-of-paying/
Florida Man Takes a Leak in Sheriff’s Backyard,https://floridaman.com/florida-man-urinates-back-yard-sheriffs-deputy/
Florida Man Jacks Off in Pickup Truck Outside Walgreens,https://floridaman.com/florida-man-jacks-off-pickup-truck-outside-walgreens/
Florida Man Stabs Father for Trying to Circumcise Him,https://floridaman.com/florida-man-stabs-father-for-trying-to-circumcise-him/
Tutu Wearing Florida Man Breaks into Farmers Market,https://floridaman.com/tutu-wearing-florida-man-breaks-into-farmers-market/
"350-Pound Florida Man Attempts to Steal 2 TV’s from WalMart, Trips after Pants Fall Down",https://floridaman.com/350-pound-florida-man-attempts-steal-2-tvs-wal-mart-trips-pants-fall/
Florida Man’s Attempted Carjacking Thwarted by Inability to Drive a Manual Transmission,https://floridaman.com/florida-mans-attempted-carjacking-thwarted-inability-drive-manual-transmission/
Infamous Florida Man With Half a Head Arrested for Attempted Murder,https://floridaman.com/infamous-florida-man-half-head-arrested-attempted-murder/
Florida Man Stuffs Steak and Lobster in His Pants,https://floridaman.com/florida-man-stuffs-steak-lobster-pants-gets-arrested/
"Florida Man Breaks into Home, Eats Bologna and Takes a Nap",https://floridaman.com/florida-man-breaks-home-eats-bologna-takes-nap/
Florida Man With Shotgun Demands Store Fix His Phone,https://floridaman.com/florida-man-shotgun-demands-store-fixes-phone/
Florida Man Exposes Himself to Woman at Wal-Mart,https://floridaman.com/florida-man-exposes-woman-wal-mart/
Florida Man Weed Whacks His Neighbor,https://floridaman.com/florida-man-weed-whacks-neighbor/
Florida Man Arrested for Attacking Girlfriend with Dildo,https://floridaman.com/florida-man-arrested-attacking-girlfriend-dildo/
"Florida Man Tries to Steal Yacht, Partially Sinks It Instead",https://floridaman.com/florida-man-tries-steal-yacht-partially-sinks-instead/
Florida Man Becomes Category on Jeopardy,https://floridaman.com/florida-man-becomes-category-jeopardy/
"Florida Man Tries to Shoot Puppy, Puppy Shoots Him Instead",https://floridaman.com/florida-man-tries-shoot-puppy-puppy-shoots-instead/
Florida Woman Who Stole from WalMart Plans to Apply for Job – at WalMart,https://floridaman.com/florida-woman-stole-walmart-plans-apply-job-walmart/
"Florida Man on the Run Dares Cops to Catch Him on Facebook, Gets Arrested",https://floridaman.com/runflorida-man-challenges-cops-catch-can-facebook-post-gets-arrested/
"Florida Woman Robs Arby’s, Calls a Cab to Make Getaway",https://floridaman.com/florida-woman-robs-arbys-calls-cab-make-getaway/
Florida Man Robs Subway While on Cell Phone,https://floridaman.com/florida-man-robs-subway-cell-phone/
"Florida man Rides Manatee, Talks Smack to Cops",https://floridaman.com/florida-man-rides-manatee-talks-smack-cops/
Florida Man Steals More Than $45000 Worth of Socks,https://floridaman.com/florida-man-steals-45000-worth-socks/
Florida Man Robs Convenience Store While Wearing Luchador Mask,https://floridaman.com/florida-man-robbed-convenience-store-wearing-luchador-mask/
Florida woman cooks meth in laundry shed,https://floridaman.com/florida-woman-cooks-meth-laundry-shed/
"Florida man Pays for order at Taco Bell, then robs it",https://floridaman.com/florida-man-pays-order-taco-bell-robs/
"Florida man says slurred speech is because of wisdom teeth, not booze",https://floridaman.com/florida-man-says-slurred-speech-wisdom-teeth-not-booze/
Florida woman makes bomb threat to halt boyfriend’s urine sample,https://floridaman.com/florida-woman-makes-bomb-threat-halt-boyfriends-urine-sample/
Florida Man beaches yacht after too many long island iced teas,https://floridaman.com/florida-man-beaches-yacht-many-long-island-iced-teas/
Shirtless Florida man punches at cars after disrupting bar show,https://floridaman.com/shirtless-florida-man-punches-cars-disrupting-bar-show/
"Florida man steals patrol car, asks ‘This is a felony?’",https://floridaman.com/florida-man-steals-patrol-car-asks-felony/
Florida Man gets jail for second drunken rampage in golf cart at parents’ retirement community,https://floridaman.com/florida-man-gets-jail-second-drunken-rampage-golf-cart-parents-retirement-community/
Florida Man Uses His Own Wanted Poster as Facebook Profile Picture,https://floridaman.com/florida-man-uses-wanted-poster-facebook-profile-picture/
Florida Man in Dinosaur Costume Holding Air Rifle Arrested,https://floridaman.com/florida-man-dinosaur-costume-holding-air-rifle-arrested/
Florida Man Uses Mountain Dew as Fake Urine for Drug Test,https://floridaman.com/florida-man-uses-mountain-dew-fake-urine-drug-test/
27th Arrest for Bikini-Clad Florida Man,https://floridaman.com/27th-arrest-for-florida-man-who-wears-bikinis/
Florida man videotaped catching gator with bare hands faces felony charges,https://floridaman.com/florida-man-videotaped-catching-gator-bare-hands-faces-felony-charges/
Florida woman records close bear encounter,https://floridaman.com/florida-woman-records-close-bear-encounter/
100 Chickens Found Living in Florida Woman’s House,https://floridaman.com/100-chickens-found-living-florida-womans-house/
Florida man named Vladimir Putin arrested for screaming in Publix,https://floridaman.com/florida-man-named-vladimir-putin-arrested-screaming-publix/
"Florida man steals $10k in lotto tickets, picture leads to arrest",https://floridaman.com/florida-man-steals-10k-lotto-tickets-picture-leads-arrest/
"Florida man found having sex, said ‘it was his duty’",https://floridaman.com/police-florida-man-found-sex-said-duty/
Florida Man Caught eating meth soaked drawings smuggled in jail,https://floridaman.com/florida-man-caught-eating-smuggled-meth-soaked-drawings-jail/
Police: Florida man lines garage with more than $100k in stolen Amazon orders,https://floridaman.com/police-florida-man-lines-garage-100k-stolen-amazon-orders/
Florida Man Faked being a Cop to Avoid Paying $11,https://floridaman.com/florida-man-faked-being-a-cop-to-avoid-paying-11/
Florida man threatened his brother with a knife because he called him fat,https://floridaman.com/florida-man-threatened-his-brother-with-a-knife-because-he-called-him-fat/
Florida man threatens to feed children to alligators,https://floridaman.com/florida-man-threatens-feed-children-alligators/
Drunken Florida man fires gun in air while driving,https://floridaman.com/florida-man-fires-gun-in-air-while-driving/
"Florida man breaks into home, steals sausages",https://floridaman.com/florida-man-breaks-in-to-home-steals-sausages/
"Florida man kills couple, tries to bite man’s face off",https://floridaman.com/florida-man-kills-couple-tries-to-bite-mans-face-off/
"Florida Man masturbates in park bathroom, pays children not to tell",https://floridaman.com/florida-man-masturbates-in-park-bathroom-says-pays-children-not-to-tell/
Florida Man claiming to be pastor charged with fraud,https://floridaman.com/florida-man-claiming-to-be-pastor-charged-with-fraud/
Florida Man and Girlfriend attack grandmother who wouldn’t drive them somewhere to have sex,https://floridaman.com/florida-man-and-woman-attack-grandmother-who-wouldnt-drive-them-somewhere-to-have-sex/
Florida Man torches church to get at “devil worshippers”,https://floridaman.com/florida-man-torches-church-to-get-at-devil-worshippers/
Judge unamused at Florida Man’s twerking ability,https://floridaman.com/judge-unamused-at-florida-mans-twerking-ability/
Florida Man Banned From Ordering Pizza After Harassing Restaurants,https://floridaman.com/florida-man-banned-from-ordering-pizza-after-harassing-restaurants/
Florida Man’s Robbery Foiled By Angry Birds Backpack,https://floridaman.com/florida-mans-robbery-foiled-by-angry-birds-backpack/
Florida Man kills someone on his way to murder another,https://floridaman.com/florida-man-kills-someone-on-his-way-to-murder-another/
Florida Woman accused of allowing sons to shoot BBs at homeless man,https://floridaman.com/florida-woman-accused-of-allowing-sons-to-shoot-bbs-at-homeless-man/
"Florida Man tripped on acid, attacked cops at theme park",https://floridaman.com/florida-man-tripped-on-acid-attacked-cops-at-theme-park/
Florida man punched George Zimmerman after he bragged he’s ‘that guy who killed Trayvon Martin’,https://floridaman.com/florida-man-punched-george-zimmerman-after-he-bragged-hes-that-guy-who-killed-trayvon-martin/
"Florida woman doesn’t pay tabs, takes swing at officer",https://floridaman.com/florida-woman-doesnt-pay-tabs-takes-swing-at-officer/
Florida woman sues airline after dropping luggage on herself,https://floridaman.com/florida-woman-sues-airline-after-dropping-luggage-on-herself/
Florida man attacks person over parking space,https://floridaman.com/florida-man-attacks-person-over-parking-space/
Florida man places bucket bomb in landlord’s home,https://floridaman.com/florida-man-places-bucket-bomb-in-landlords-home/
"Florida Man Sick Of His $1000000 Island, Wants To Trade For A Porsche 918",https://floridaman.com/florida-man-sick-of-his-1000000-island-wants-to-trade-for-a-porsche-918/
Florida man punches elderly woman trying to stop robbery,https://floridaman.com/florida-man-punches-elderly-woman-trying-to-stop-robbery/
"Florida man attacks flamingo at Busch Gardens, police say",https://floridaman.com/florida-man-attacks-flamingo-at-busch-gardens-police-say/
Florida man tears up yard after woman posts bad review of his wife’s business,https://floridaman.com/florida-man-tears-up-yard-after-woman-posts-bad-review-of-his-wifes-business/
Florida man stabs wife during argument over peeling mangoes,https://floridaman.com/florida-man-stabs-wife-during-argument-over-peeling-mangoes/
"Florida Man jumps off boat, hides in water to evade authorities",https://floridaman.com/man-jumps-off-boat-hides-in-water-to-evade-authorities/
"Florida woman shoots self while using Snapchat, deputies say",https://floridaman.com/florida-woman-shoots-self-while-using-snapchat-deputies-say/
Florida man smacks tourist with shovel,https://floridaman.com/florida-man-smacks-tourist-with-shovel/
Florida Man Charged With Picking Magic Mushrooms While Carrying An Alligator,https://floridaman.com/florida-man-charged-with-picking-magic-mushrooms-while-carrying-an-alligator/
"Florida man sends truck flying, brings down interstate sign",https://floridaman.com/florida-man-sends-truck-flying-brings-down-interstate-sign/
Florida man’s boat burns after using the bathroom,https://floridaman.com/florida-mans-boat-burns-after-using-the-bathroom/
Florida Woman Bit Off Babysitter’s Lip During Fight Over Crying Child,https://floridaman.com/florida-woman-bit-off-babysitters-lip-during-fight-over-crying-child/
Deputies: Florida man used dirty pool to baptize boy,https://floridaman.com/deputies-florida-man-used-dirty-pool-to-baptize-boy/
"Florida man on ‘Molly’ chased ghosts with machete, endangered kids",https://floridaman.com/florida-man-on-molly-chased-ghosts-with-machete-endangered-kids/
Florida Man Says Cops Mistook Krispy Kreme Doughnut Glaze for Meth and Arrested Him,https://floridaman.com/florida-man-says-cops-mistook-krispy-kreme-doughnut-glaze-for-meth-and-arrested-him/
"Florida man arrested for assault, gives alias “Dickface Johnson”",https://floridaman.com/police-florida-man-arrested-for-assault-gives-alias-dickface-johnson/
Florida Man Throws Salsa Jar at Car in Road Rage Attack,https://floridaman.com/florida-man-throws-salsa-jar-at-car-in-road-rage/
Florida Man Bites Neighbor’s Ear Off Over A Cigarette,https://floridaman.com/florida-man-bites-neighbors-ear-off-over-a-cigarette/
"Naked Florida Woman threatened deputies with lighter, propane tank",https://floridaman.com/naked-florida-woman-threatened-deputies-with-lighter-propane-tank/
Florida Man shoots at ‘Pokemon Go’ players outside house,https://floridaman.com/florida-man-shoots-at-pokemon-go-players-outside-house/
"Florida man robs pizza delivery man, soils himself",https://floridaman.com/florida-man-robs-pizza-delivery-man-soils-himself/
"Florida Man accused of threatening to kill family with samurai sword, deputies say",https://floridaman.com/florida-man-accused-of-threatening-to-kill-family-with-samurai-sword-deputies-say/
Florida Man Uses Electric Guitar In Failed Robbery,https://floridaman.com/florida-man-uses-electric-guitar-in-failed-robbery-a-florida-man-was-arrested/
"Florida man robs bank, covers himself in feces to try to escape custody",https://floridaman.com/florida-man-robs-bank-covers-himself-in-feces-to-try-to-escape-custody/
"Florida Man Breaks into Ex’s Home, Found with Backpack of Sex Toys",https://floridaman.com/cops-man-broke-into-exs-home-found-with-backpack-of-sex-toys/
Florida man fights to keep pizza-loving pet alligator ‘Gwendolyn’,https://floridaman.com/florida-man-fights-to-keep-pizza-loving-pet-alligator-gwendolyn/
Florida Man Tasered after throwing food at Taco Bell employees,https://floridaman.com/florida-man-tasered-after-throwing-food-at-taco-bell-employees/
Florida man leaves package labeled ‘BOMB’ at gas station,https://floridaman.com/florida-man-leaves-package-labeled-bomb-at-gas-station/
Florida Man Arrested For Stabbing Another Man Over $2 Debt,https://floridaman.com/florida-man-arrested-for-stabbing-another-man-over-2-debt/
Police: Florida man forgets to untie boat while stealing it,https://floridaman.com/police-florida-man-forgets-to-untie-boat-while-stealing-it/
Florida man arrested after drunken attempt to learn how to use a shotgun,https://floridaman.com/florida-man-arrested-after-drunken-attempt-to-learn-how-to-use-a-shotgun/
Cops: Erratic Florida man on ‘Molly’ carries baby near busy road,https://floridaman.com/cops-erratic-florida-man-on-molly-carries-baby-near-busy-road/
Florida Man with No Pants is Arrested After a Pursuit,https://floridaman.com/florida-man-with-no-pants-is-arrested-after-a-pursuit/
"Florida Woman Goes to car dealership, pretends to be Manager, fires employees",https://floridaman.com/florida-woman-goes-to-car-dealership-pretends-to-be-manager-fires-employees/
"Florida Man accused of groping 6 people at Disney water park, blames broken glasses",https://floridaman.com/florida-man-accused-of-groping-6-people-at-disney-water-park-blames-broken-glasses/
Florida Man steals ambulance with EMT inside,https://floridaman.com/man-steals-ambulance-with-emt-inside/
Florida man appears to have sex with tree in view of passing drivers,https://floridaman.com/florida-man-appears-to-have-sex-with-a-tree-in-view-of-passing-drivers/
Florida Man Unaware he’s not allowed to shoot at strip club from his vehicle,https://floridaman.com/florida-man-unaware-hes-not-allowed-to-shoot-firearm-at-strip-club-from-vehicle/
Florida man blows his hand off with firework,https://floridaman.com/florida-man-blows-his-hand-off-with-a-firework/
Florida man accused of using makeshift flamethrower to threaten woman,https://floridaman.com/florida-man-accused-of-using-makeshift-flamethrower-to-threaten-woman/
"Florida Man Decapitates 875-Year-Old Statue, threatens to shoot up church",https://floridaman.com/florida-man-decapitates-875-year-old-statue-threatens-to-shoot-up-church/
Florida Man Pulls AK-47 During Family Dispute At Grocery Store,https://floridaman.com/florida-man-pulls-ak-47-during-family-dispute-at-grocery-store/
"Florida Man Claims He Invented iPhone in 1992, Sues Apple for $10 Billion",https://floridaman.com/florida-man-claims-he-invented-iphone-in-1992-sues-apple-for-10-billion/
Florida Man Evicted From Trailer Park; Pours Poop In Pool,https://floridaman.com/florida-man-evicted-from-trailer-park-pours-poop-in-pool/
Florida Man Steals Van so He Can Drive to Waffle House,https://floridaman.com/florida-man-steals-van-so-he-can-drive-to-waffle-house/
"Florida man does magic trick, pulls woman’s bathing suit off",https://floridaman.com/florida-man-does-magic-trick-pulls-womans-bathing-suit-off/
Florida man called 911 because Checkers got order wrong,https://floridaman.com/florida-man-called-911-because-checkers-got-order-wrong/
Florida man gets 10 days in jail for punching swan,https://floridaman.com/florida-man-gets-10-days-in-jail-for-punching-swan/
Florida Man had 84 bags of THC-laced gummy candy in car,https://floridaman.com/florida-man-had-84-bags-of-thc-laced-gummy-candy-in-car/
"Florida Man brags about robbery on Facebook, gets arrested",https://floridaman.com/florida-man-brags-about-robbery-on-facebook-gets-arrested/
Florida man gets house arrest for possession of horsemeat,https://floridaman.com/florida-man-gets-house-arrest-for-possession-of-horsemeat/
Florida Man steals dump truck – shoots at helicopter in pursuit,https://floridaman.com/florida-man-steals-dump-truck-shoots-at-helicopter-in-pursuit/
Florida man steals deceased vet’s wallet to buy pizza,https://floridaman.com/florida-man-steals-deceased-vets-wallet-to-buy-pizza/
69-year-old Florida man riddles woman’s home with bullets after she refuses to have sex with him,https://floridaman.com/69-year-old-florida-man-riddles-womans-home-with-bullets-after-she-refuses-to-have-sex-with-him/
"Florida man busts church windows, says he was ‘angry with God’",https://floridaman.com/deputies-florida-man-busts-church-windows-says-he-was-angry-with-god/
"Florida woman blames swerving on sunglasses, dog",https://floridaman.com/police-florida-woman-blames-swerving-on-sunglasses-dog/
"Florida woman shoots naked, poop-covered intruder",https://floridaman.com/florida-woman-shoots-naked-poop-covered-intruder/
"Florida man set off sprinklers, soaked hotel, cops say",https://floridaman.com/florida-man-set-off-sprinklers-soaked-hotel-cops-say/
Shirtless Florida Man smashes car window with baseball bat in fit of road rage,https://floridaman.com/shirtless-florida-man-smashes-car-window-with-baseball-bat-in-fit-of-road-rage/
"Florida Man Pistol whips, shoots at man…over yams",https://floridaman.com/florida-man-pistol-whips-shoots-at-man-over-yams/
"Florida man busts through hay bales, catches airtime in high-speed chase",https://floridaman.com/florida-man-busts-through-hay-bales-catches-airtime-in-high-speed-chase/
"Florida Man steals lotto tickets, returns to cash them",https://floridaman.com/florida-man-steals-lotto-tickets-returns-to-cash-them/
Florida Man found with mobile meth lab in Walmart parking lot,https://floridaman.com/florida-man-found-with-mobile-meth-lab-in-walmart-parking-lot/
"Florida men steal $16 in chicken, face $1000 bonds",https://floridaman.com/cops-florida-men-steal-16-in-chicken-face-1000-bonds/
Florida Man Wakes up naked in stranger’s home,https://floridaman.com/florida-man-who-woke-up-naked-in-strangers-home-unlikely-to-be-charged/
Officials: Florida man lets kids pet his alligator on leash,https://floridaman.com/officials-florida-man-lets-kids-pet-his-alligator-on-leash/
Florida man plays naked game of ‘ding dong ditch’,https://floridaman.com/police-florida-man-plays-naked-game-of-ding-dong-ditch/
"Florida Man Calls 911 over 100 times, blames “artistic robotic technician”",https://floridaman.com/florida-man-calls-911-over-100-times-blames-artistic-robotic-technician/
"Florida Man Masseur claims sexual assault was just his oil bottle, not his penis",https://floridaman.com/florida-manmasseur-claims-sexual-assault-was-just-his-oil-bottle-not-his-penis/
Police called after Florida man dances naked in the rain,https://floridaman.com/police-called-after-florida-man-dances-naked-in-the-rain/
"Florida Man accused of masturbating, exposing self to woman: ‘It’s a nice view’",https://floridaman.com/florida-man-accused-of-masturbating-exposing-self-to-woman-its-a-nice-view/
Florida Man Calls 911 after girlfriend refuses to buy him Vodka,https://floridaman.com/florida-man-calls-911-girlfriend-refuses-buy-vodka/
"Florida man flashes $100 bills, pees on himself after refusing to pay for drinks he ordered",https://floridaman.com/florida-man-flashes-100-bills-pees-refusing-pay-drinks-ordered/
Florida Man Arrested for Alleged Kale Heist At Walmart,https://floridaman.com/cops-health-conscious-thief-collared-alleged-kale-heist-florida-walmart/
Florida woman ‘plays mermaid’ and entered homes without permission,https://floridaman.com/police-florida-woman-plays-mermaid-entered-homes-without-permission/
"Burying your troubles, the Florida way: Florida man buries boss",https://floridaman.com/burying-troubles-florida-way-florida-man-buries-boss/
Florida man who threw alligator into Wendy’s drive-thru window sentenced,https://floridaman.com/florida-man-threw-alligator-wendys-drive-thru-window-sentenced/
"Machete wielding Florida Man arrested on drug, weapons charges",https://floridaman.com/machete-wielding-florida-man-arrested-drug-weapons-charges/
Florida man jumps from overpass in attempt to elude cops,https://floridaman.com/florida-man-jumps-overpass-attempt-elude-cops/
"Florid Man tased, arrested after jumping on hood of car on Palmetto Expressway with knife",https://floridaman.com/florid-man-tased-arrested-jumping-hood-car-palmetto-expressway-knife/
Florida Man Credit card fraud investigator arrested for credit card fraud,https://floridaman.com/florida-man-credit-card-fraud-investigator-arrested-credit-card-fraud/
"Police: Florida man throws hot pizza at wife, child",https://floridaman.com/police-florida-man-throws-hot-pizza-wife-child/
"Florida Woman steals pizza delivery man’s car, crashes into house",https://floridaman.com/police-searching-for-woman-that-allegedly-stole-deliverymans-car/
Floirida Woman Shoplifter identified by left behind car tags,https://floridaman.com/floirida-woman-shoplifter-identified-left-behind-car-tags/
"Florida Man Bursts into Ex’s Delivery Room, Fights Her Boyfriend",https://floridaman.com/florida-man-bursts-exs-delivery-room-fights-boyfriend-police-say/
Florida man runs over endangered Sandhill Crane with golf cart,https://floridaman.com/florida-man-runs-endangered-sandhill-crane-golf-cart/
"Report: Drunken Florida man destroys pool table, throws ball at guitar",https://floridaman.com/report-drunken-florida-man-messes-pool-desk-throws-ball-way-guitar/
Key West looking for owner of illegally parked Flintstones car,https://floridaman.com/key-west-looking-owner-illegally-parked-flintstones-car/
Florida man fined $48k for using phone jammer on the road,https://floridaman.com/florida-man-fined-48k-using-phone-jammer-road/
"Florida Man on ‘Top Secret Mission’, Breaks into Store to Steal Energy Drink and a Honey Bun",https://floridaman.com/florida-man-top-secret-mission-breaks-store-steal-energy-drink-honey-bun/
Florida Man climbs through drive-thru window to steal Burger King cash register,https://floridaman.com/florida-man-climbs-drive-thru-window-steal-burger-king-cash-register/
Sore loser Florida Man takes sledgehammer to game at St. Petersburg convenience store,https://floridaman.com/sore-loser-florida-man-takes-sledgehammer-game-st-petersburg-convenience-store/
Florida Man locked out of hotel room shoots lock,https://floridaman.com/florida-man-locked-hotel-room-shoots-lock/
"Florida Man Burglar tries to make getaway in a golf cart, lands in a pond",https://floridaman.com/burglary-suspect-tries-to-make-getaway-in-a-golf-cart-and-lands-in-a-pond/
Florida Man points loaded shotgun at IRS worker who knocked at his door,https://floridaman.com/florida-man-points-loaded-shotgun-irs-worker-knocked-door/
Naked Florida Man Sends His Five Dogs To Kill ‘Muslim Terrorist’,https://floridaman.com/naked-florida-man-sends-five-dogs-kill-muslim-terrorist/
Naked Florida man jumps airport fence to ‘go back to Cuba’,https://floridaman.com/naked-florida-man-jumps-airport-fence-go-back-cuba/
Florida man calls 911 on himself,https://floridaman.com/florida-man-calls-911/
"Florida Man To Cop: “What are you gonna do, fat boy?”",https://floridaman.com/florida-man-cop-gonna-fat-boy/
Alligator bites off arm of Florida man trying to flee the cops,https://floridaman.com/alligator-bites-off-arm-florida-man-trying-flee-cops/
Florida man accused of lighting shirt on fire in front of DMV,https://floridaman.com/florida-man-accused-lighting-shirt-fire-front-dmv/
Police: Florida man charged with stealing $1 in robbery,https://floridaman.com/police-florida-man-charged-stealing-1-robbery/
"Florida Man Shoots Self, Doesn’t Notice For 3 Days",https://floridaman.com/florida-man-shoots-self-doesnt-notice-3-days/
Deputies:Florida Man known as ‘Murder’ charged in fatal home invasion,https://floridaman.com/deputiesflorida-man-known-murder-charged-fatal-home-invasion/
Florida man pulled over with alligator foot in dashboard,https://floridaman.com/florida-man-pulled-alligator-foot-dashboard/
Florida Man Accidentally Shoots Himself During Job Interview At Elementary School,https://floridaman.com/florida-man-accidentally-shoots-job-interview-elementary-school/
Florida Man Kills Brother Over Cheeseburger,https://floridaman.com/florida-man-kills-brother-cheeseburger/
"Police: Florida man tells woman he loves her, masturbates outside her window",https://floridaman.com/police-florida-man-tells-woman-loves-masturbates-outside-window/
"Florida man steals shirts, shoes for job interview",https://floridaman.com/florida-man-steals-shirts-shoes-job-interview/
Florida Man stuffs python in pants at pet store,https://floridaman.com/florida-man-stuffs-python-pants-pet-store/
Florida Man With Kids In Car Had .604 Blood Alcohol Level,https://floridaman.com/florida-man-kids-car-604-blood-alcohol-level/
Florida man tells police that his name is F*ck you’,https://floridaman.com/florida-man-tells-police-that-his-name-is-expletive-you/
Florida Man Belly Dances In A Bikini For Drivers,https://floridaman.com/florida-man-belly-dances-bikini-drivers/
Florida Man Brings sword to gun fight,https://floridaman.com/florida-man-brings-sword-gun-fight/
Florida man tries to swim away from police after exposing himself,https://floridaman.com/florida-man-tries-swim-away-police-exposing/
Florida man clings to car in road rage incident,https://floridaman.com/florida-man-clings-car-road-rage-incident/
Florida Man Eats Crack Cocaine; Tells Police It’s Jolly Rancher Candy,https://floridaman.com/florida-man-eats-crack-cocaine-tells-police-jolly-rancher-candy/
Police: Florida man confronts officers with Viking-style ax,https://floridaman.com/police-florida-man-confronts-officers-viking-style-ax/
"Florida Man  has sex in community pool, attacks onlookers",https://floridaman.com/florida-man-sex-community-pool-attacks-onlookers/
Florida man defends small chihuahua with large machete,https://floridaman.com/florida-man-defended-small-chihuahua-large-machete/
Half-bearded Florida man spends 4/20 in jail for selling marijuana the night before,https://floridaman.com/half-bearded-florida-man-spends-420-jail-selling-marijuana-night/
Florida man accused of snatching hat and calling stepson a goat-abusing terrorist,https://floridaman.com/florida-man-accused-snatching-hat-calling-stepson-goat-abusing-terrorist/
"Florida man impersonated cop, used sirens to rush through traffic, say deputies",https://floridaman.com/florida-man-impersonated-cop-used-sirens-rush-traffic-say-deputies/
Florida man sues for right to marry his laptop,https://floridaman.com/florida-man-sues-right-marry-laptop/
Florida Man humps stop sign while stalking ex,https://floridaman.com/florida-man-humps-stop-sign-stalking-ex/
"Florida man eats meth to avoid arrest, doesn’t work",https://floridaman.com/florida-man-eats-meth-avoid-arrest-doesnt-work/
"Florida man is busted with $100k worth of stolen goods, hides drugs up butt",https://floridaman.com/moment-a-florida-man-is-busted-with-heroin-meth-and-100k-worth-of-stolen-goods-after-his/
"Florida Man says too much music, masturbation caused him to vandalize home",https://floridaman.com/florida-man-says-much-music-masturbation-caused-vandalize-home/
Florida Man Tries to Kiss Cottonmouth Snake,https://floridaman.com/florida-man-tries-kiss-cottonmouth-snake/
Florida Man Arrested for Serial Gropings on YouTube: “If You Don’t Touch Ass You’re Crazy”,https://floridaman.com/florida-man-arrested-serial-gropings-youtube-dont-touch-ass-youre-crazy/
Florida Man asks cop to jump start stolen truck,https://floridaman.com/florida-man-asks-cop-jump-start-stolen-truck/
"Florida Man Tries to Escape Cops On His Hoverboard, Fails",https://floridaman.com/florida-man-tries-escape-cops-hoverboard-fails/
Florida Man Tries To Buy $60000 BMW With Food Stamps,https://floridaman.com/florida-man-tries-buy-60000-bmw-suv-food-stamps/
Florida Man Had handcuff key in his butt during high speed chase,https://floridaman.com/florida-man-handcuff-key-butt-high-speed-chase/
"Florida Man Takes Fire Extinguisher off Hotel Wall, Sprays People",https://floridaman.com/florida-man-takes-fire-extinguisher-off-hotel-wall-sprays-people/
Florida Man hides 15 sticks of stolen deodorant in his pants,https://floridaman.com/florida-man-hides-15-sticks-stolen-deodorant-pants/
"Florida Man Orders Pit Bull To Attack Cops, Attacks Florida Man instead",https://floridaman.com/florida-man-orders-pit-bull-attack-cops-attacks-florida-man-instead/
Florida man can’t get car he wants to steal to start,https://floridaman.com/florida-man-cant-get-car-wants-steal-start-cops-say/
9.5-foot-long gator captured outside of Florida man’s door,https://floridaman.com/9-5-foot-long-gator-captured-outside-florida-mans-door/
Florida Man shoots at neighbours over feeding stray cats,https://floridaman.com/florida-man-shoots-neighbours-feeding-stray-cats/
Florida man brings machete to fist fight,https://floridaman.com/florida-man-brings-machete-fist-fight/
Florida Man holding “Death to America” sign Beat up by Americans,https://floridaman.com/florida-man-holding-death-america-sign-beat-americans/
Florida Woman Calls 911 Because Her Bacon Pizza Had Hamburger Instead,https://floridaman.com/customer-calls-911-bacon-pizza-hamburger-instead/
"Florida Man urinates on table, exposes self in church",https://floridaman.com/florida-man-urinates-table-exposes-self-church/
Stolen phone rings in pocket of suspected Florida Man,https://floridaman.com/stolen-phone-rings-pocket-suspected-florida-man/
Florida Man Drives Six Miles With Wife Atop Car,https://floridaman.com/florida-man-drives-six-miles-wife-atop-car/
"Florida Man Claims to be William Shatner’s son, sues for $170 million",https://floridaman.com/william-shatner-sued-for-170-million-by-man-claiming-to-be-his-son/
Florida man attacks his mom’s door with a pitchfork,https://floridaman.com/florida-man-attacks-his-moms-door-with-a-pitchfork/
"Florida Man Jailed After Reporting For Jury Duty Drunk, Supreme Court Reverses",https://floridaman.com/florida-man-jailed-reporting-jury-duty-drunk-supreme-court-reverses/
Florida man grabs police Taser after being tased five times,https://floridaman.com/florida-man-grabs-police-taser-after-being-tased-five-times/
Florida Man accused of stealing wallets leaves his own at the scene,https://floridaman.com/man-accused-of-stealing-wallets-leaves-his-own-at-the-scene/
"Florida Man points spear gun at boaters in Keys, cops say",https://floridaman.com/man-points-spear-gun-at-boaters-in-keys-cops-say/
Florida Man throws Gator into restaurant,https://floridaman.com/man-arrested-for-the-perfect-florida-crime/
"Florida Man Reports Dead Body by Taking Skull to Publix, Using It as a Hand Puppet",https://floridaman.com/reports-dead-body-skull-publix-using-hand-puppet/
