title,link,date
Florida man admits to lighting firecrackers under a child's bed,https://www.local10.com/news/florida-man-admits-to-lighting-firecrackers-under-a-childs-bed,"July 8, 2019"
Florida man found dead with 100 dog bites,https://www.local10.com/news/national/florida-man-found-dead-with-100-dog-bites,"July 7, 2019"
Florida man in custody for dragging cop,https://www.local10.com/news/florida/florida-man-in-custody-for-dragging-cop-1,"July 1, 2019"
South Florida man says he was deceived when he bought tiny strip of land,https://www.local10.com/news/florida/broward/south-florida-man-says-he-was-deceived-when-he-bought-tiny-strip-of-land,"June 15, 2019"
"Florida man steals pool floats for sex 'instead of raping women,' police say",https://www.local10.com/news/florida/florida-man-steals-pool-floats-for-sex-instead-of-raping-women,"June 15, 2019"
Florida man wearing 'COKE' shirt busted for selling... coke (cocaine),https://www.local10.com/news/florida/florida-man-wearing-coke-shirt-busted-for-selling-coke,"June 12, 2019"
"Florida man tells deputies cocaine on his nose is not his, officials say",https://www.local10.com/news/florida/florida-man-tells-deputies-cocaine-on-his-nose-is-not-his-officials-say,"June 10, 2019"
"Florida man brought home Georgia teen as sex slave, Feds say",https://www.local10.com/news/florida/florida-man-brought-home-georgia-teen-as-sex-slave-feds-say,"June 8, 2019"
Florida man threatens to eat eyes and tongues of cops,https://www.local10.com/news/florida/florida-man-threatens-to-eat-eyes-and-tongues-of-cops,"May 20, 2019"
Florida man looking for owner of necklace filled with ashes,https://www.local10.com/news/florida/florida-man-looking-for-owner-of-necklace-filled-with-ashes,"May 28, 2019"
Florida man accidentally shoots self in Publix,https://www.local10.com/news/florida/florida-man-accidentally-shoots-self-in-publix,"May 5, 2019"
"Florida man poses as FBI agent, dumps live catfish on woman's driveway",https://www.local10.com/news/weird-news/florida-man-poses-as-fbi-agent-dumps-live-catfish-on-womans-driveway,"May 15, 2019"
"Florida man arrested after slapping girlfriend with cheeseburger, deputies say",https://www.local10.com/news/florida/florida-man-arrested-after-slapping-girlfriend-with-cheeseburger-deputies-say,"May 14, 2019"
Florida man charged with DUI on his lawn mower,https://www.local10.com/news/florida/florida-man-charged-with-dui-on-his-lawn-mower,"May 6, 2019"
South Florida man convicted of brutally beating his roommate,https://www.local10.com/video/south-florida-man-convicted-of-brutally-beating-his-roommate,"June 12, 2019"
Local 10 finds cross in Normandy marking burial site of South Florida man's uncle,https://www.local10.com/news/military/local-10-finds-cross-in-normandy-marking-burial-site-of-south-florida-man-s-uncle,"June 11, 2019"
Florida man takes bath in Wendy's kitchen sink,https://www.local10.com/news/florida/florida-man-takes-bath-in-wendys-kitchen-sink,"May 24, 2019"
"South Florida man stabs sleeping mother several times, deputies say",https://www.local10.com/news/florida/palm-beach-county/south-florida-man-stabs-sleeping-mother-several-times-deputies-say,"May 6, 2019"
Florida man charged with making threats against Democratic lawmakers,https://www.local10.com/news/politics/florida-man-charged-with-making-threats-against-democratic-lawmakers,"April 19, 2019"
South Florida man arrested after fatally shooting neighbor during dog dispute,https://www.local10.com/news/florida/palm-beach-county/south-florida-man-arrested-after-fatally-shooting-neighbor-during-dog-dispute,"April 26, 2019"
South Florida man waits 2 years to receive title for purchased motorcycle,https://www.local10.com/consumer/leave-it-to-layron/south-florida-man-waits-2-years-to-receive-title-for-purchased-motorcycle,"April 25, 2019"
Florida man pretending to be cop pulls over undercover officer,https://www.local10.com/news/florida/florida-man-pretending-to-be-cop-pulls-over-undercover-officer,"April 18, 2019"
Florida man prepares for C-47 jump during Normandy reenactment,https://www.local10.com/video/florida-man-prepares-for-c-47-jump-during-normandy-reenactment,"June 4, 2019"
Florida man busted for singing dirty song to neighbor,https://www.local10.com/news/florida/florida-man-busted-for-singing-dirty-song-to-neighbor,"April 17, 2019"
Florida man says passenger performed sex acts while he drove,https://www.local10.com/news/florida/florida-man-says-passenger-performed-sex-acts-while-he-drove,"May 22, 2019"
Central Florida man sought in triple homicide turns himself in,https://www.local10.com/news/florida/central-florida-man-sought-in-triple-homicide-turns-himself-in,"April 14, 2019"
Florida man arrested after dining on spaghetti with his bare hands,https://www.local10.com/news/florida/florida-man-arrested-after-dining-on-spaghetti-with-his-bare-hands,"April 10, 2019"
Florida man threatens to destroy everyone... with army of turtles,https://www.local10.com/news/florida/florida-man-threatens-to-destroy-everyone-with-army-of-turtles,"April 9, 2019"
Florida man arrested for murder moments after walking out of prison,https://www.local10.com/news/florida/florida-man-arrested-for-murder-moments-after-walking-out-of-prison,"April 8, 2019"
"Florida man freed from jail, immediately breaks into cars in jail parking lot",https://www.local10.com/news/florida/florida-man-freed-from-jail-immediately-breaks-into-cars-in-jail-parking-lot,"April 5, 2019"
Hot sauce saves Florida man after car crashes into Taco Bell,https://www.local10.com/news/florida/hot-sauce-saves-florida-man-after-car-crashes-into-taco-bell,"March 19, 2019"
South Florida man calls cops after being scammed over paid sex,https://www.local10.com/news/florida/south-florida-man-calls-cops-after-being-scammed-over-paid-sex,"March 26, 2019"
Florida man's body found with over 100 dog bites,https://www.local10.com/news/national/florida-mans-body-found-with-over-100-dog-bites,"July 7, 2019"
"Florida man kills pregnant stepmother, calls 911 at cemetery to confess, police say",https://www.local10.com/news/florida/florida-man-kills-pregnant-stepmother-calls-911-at-cemetery-to-confess-police-say,"March 22, 2019"
"South Florida man attacks mother who refused to dress his mannequin, deputies say",https://www.local10.com/news/florida/palm-beach-county/south-florida-man-attacks-mother-who-refused-to-dress-his-mannequin-deputies-say,"March 26, 2019"
Florida man released from Venezuelan prison,https://www.local10.com/news/venezuela/florida-man-released-from-venezuelan-prison,"April 29, 2019"
South Florida man accused of failing to deliver trucks purchased from him,https://www.local10.com/news/florida/miami-beach/south-florida-man-accused-of-failing-to-deliver-trucks-purchased-from-him,"March 14, 2019"
TSA agents find non-working grenade launcher in Florida man's luggage,https://www.local10.com/news/florida/tsa-agents-find-non-working-grenade-launcher-in-florida-man-s-luggage,"March 5, 2019"
"Cassowary, a rare emu-like bird, kills Florida man",https://www.local10.com/news/national/cassowary-a-rare-emulike-bird-kills-florida-man,"April 14, 2019"
Police arrest Florida man pretending to be a deputy,https://www.local10.com/news/national/police-arrest-florida-man-pretending-to-be-a-deputy,"April 22, 2019"
Florida man arrested after recording himself having sex with his dog,https://www.local10.com/news/florida/florida-man-arrested-after-recording-himself-having-sex-with-his-dog,"February 12, 2019"
"Florida man receives $980,000 tax refund after reporting $18,497 in wages",https://www.local10.com/news/florida/florida-man-receives-980-000-tax-refund-after-reporting-18-497-in-wages,"February 16, 2019"
Florida man arrested minutes after being released from jail,https://www.local10.com/news/national/florida-man-arrested-minutes-after-being-released-from-jail,"April 7, 2019"
Florida man investigated after shooting shark,https://www.local10.com/news/national/florida-man-investigated-after-shooting-shark,"April 25, 2019"
Florida man jailed for attacking man in 'Minions' costume,https://www.local10.com/news/florida/florida-man-jailed-for-attacking-man-in-minions-costume-22,"January 29, 2019"
"Florida man, 85, attacked by gator in retirement community",https://www.local10.com/news/florida/florida-man-85-attacked-by-gator-in-retirement-community,"December 3, 2018"
Hickey on girl's neck leads to arrest of South Florida man,https://www.local10.com/news/florida/palm-beach-county/hickey-on-girls-neck-leads-to-arrest-of-south-florida-man,"February 15, 2019"
"Florida man finds grenade, brings it to Taco Bell",https://www.local10.com/news/national/florida-man-finds-grenade-brings-it-to-taco-bell,"January 28, 2019"
Florida man dances through DUI sobriety test,https://www.local10.com/news/florida/florida-man-dances-through-dui-sobriety-test,"February 7, 2019"
"Florida man learns hard way he stole laxatives, not opioids",https://www.local10.com/news/florida/florida-man-learns-hard-way-he-stole-laxatives-not-opioids,"January 28, 2019"
"Florida man threatens to kill man 'with kindness,' uses machete named 'Kindness'",https://www.local10.com/news/florida/florida-man-threatens-to-kill-man-with-kindness-uses-machete-named-kindness,"January 14, 2019"
"Florida man drinks 20 beers, attempts to get children to touch him inappropriately",https://www.local10.com/news/florida/florida-man-drinks-20-beers-attempts-to-get-children-to-touch-him-inappropriately,"January 16, 2019"
Florida man arrested after argument over cheesesteak,https://www.local10.com/news/florida/florida-man-arrested-after-argument-over-cheesesteak,"January 8, 2019"
Florida man denies syringes found in rectum are his,https://www.local10.com/news/florida/florida-man-denies-syringes-found-in-rectum-are-his,"January 7, 2019"
'We can do this!' Florida man declares in his plea for border wall funds,https://www.local10.com/news/florida/we-can-do-this-florida-man-declares-in-his-plea-for-border-wall-funds,"December 24, 2018"
Florida man dies in Atlanta police chase,https://www.local10.com/news/florida-man-dies-in-atlanta-police-chase,"April 21, 2019"
Of course 'Florida Man' drove his Ferrari off dock into the ocean,https://www.local10.com/news/florida/of-course-florida-man-drove-his-ferrari-off-dock-into-the-ocean,"January 3, 2019"
"VIDEO: Florida man doesn't get straw, attacks McDonald's employee",https://www.local10.com/news/florida/video-florida-man-doesnt-get-straw-attacks-mcdonalds-employee,"January 2, 2019"
Florida man accused of being a fake doctor,https://www.local10.com/news/florida-man-accused-of-being-a-fake-doctor,"March 30, 2019"
"Florida man kills wife, leaves body for children to find, sheriff says",https://www.local10.com/news/florida/florida-man-kills-wife-leaves-body-for-children-to-find-sheriff-says,"December 20, 2018"
Florida man who turned his life around after time in prison becomes a lawyer,https://www.local10.com/news/florida/palm-beach-county/florida-man-who-turned-his-life-around-after-time-in-prison-becomes-a-lawyer,"November 28, 2018"
Central Florida man wanted in triple murder spotted in Boynton Beach,https://www.local10.com/video/central-florida-man-wanted-in-triple-murder-spotted-in-boynton-beach,"April 14, 2019"
Florida man offers to trade marijuana for food at McDonald's drive-thru,https://www.local10.com/news/florida/florida-man-offers-to-trade-marijuana-for-food-at-mcdonalds-drive-thru,"December 17, 2018"
"Florida man arrested at Mar-a-lago, says he came to talk to Trump about 'his $6.3 trillion'",https://www.local10.com/news/florida/palm-beach-county/florida-man-arrested-at-mar-a-lago-says-he-came-to-talk-to-trump-about-his-63-trillion,"January 3, 2019"
"Florida man dresses in drag to buy puppy with stolen credit card, police say",https://www.local10.com/news/florida/florida-man-dresses-in-drag-to-buy-puppy-with-stolen-credit-card-police-say,"November 14, 2018"
Florida man arrested after naked chase,https://www.local10.com/news/florida/florida-man-arrested-after-naked-chase,"March 6, 2019"
Florida man hangs on after glider pilot forgets to strap him in,https://www.local10.com/news/florida/florida-man-hangs-on-after-glider-pilot-forgets-to-strap-him-in,"November 28, 2018"
"Florida man burns Gators flag on car, says he roots for Hurricanes",https://www.local10.com/news/weird-news/florida-man-burns-gators-flag-on-car-says-he-roots-for-hurricanes,"November 8, 2018"
South Florida man fears deportation after legally living in US for 16 years,https://www.local10.com/video/south-florida-man-fears-deportation-after-legally-living-in-us-for-16-years,"April 4, 2019"
South Florida man charged in connection with pipe bomb packages,https://www.local10.com/news/florida/plantation/south-florida-man-charged-in-connection-with-pipe-bomb-packages,"October 26, 2018"
Black Florida man wrongly convicted of murder in 1960s dies at age 83,https://www.local10.com/news/florida/black-florida-man-wrongly-convicted-of-murder-in-1960s-dies-at-age-83,"October 22, 2018"
Florida man dressed as Fred Flintstone pulled over for driving 'footmobile',https://www.local10.com/news/florida/florida-man-dressed-as-fred-flintstone-pulled-over-for-driving-footmobile,"November 12, 2018"
"Florida man gropes woman on flight, tells police Trump 'says it's OK'",https://www.local10.com/news/florida/accused-of-groping-woman-florida-man-cites-trump-authorities-say,"October 22, 2018"
Florida man arrested in inflatable dinosaur costume on battery charges,https://www.local10.com/news/florida/florida-man-arrested-in-inflatable-dinosaur-costume-on-battery-charges,"October 30, 2018"
"'Florida Man' spotted riding jet ski on Florida road... yes, road",https://www.local10.com/news/weird-news/florida-man-spotted-riding-jet-ski-on-florida-road-yes-road,"September 18, 2018"
South Florida man pleads guilty to mailing bombs to Trump foes,https://www.local10.com/video/south-florida-man-pleads-guilty-to-mailing-bombs-to-trump-foes-1,"March 21, 2019"
Florida man tries to start naked fight club at Chick-Fil-A,https://www.local10.com/news/weird-news/florida-man-tries-to-start-naked-fight-club-at-chick-fil-a,"September 24, 2018"
South Florida man accused of attacking boy with knife says devil made him do it,https://www.local10.com/news/florida/palm-beach-county/south-florida-man-accused-of-attacking-boy-with-knife-says-devil-made-him-do-it,"November 8, 2018"
"Plants, but no pants: Florida man gardens in the nude",https://www.local10.com/news/florida/plants-but-no-pants-florida-man-gardens-in-the-nude,"September 20, 2018"
Florida man accused of cutting off penis of ex's new boyfriend,https://www.local10.com/news/florida-man-accused-of-cutting-off-penis-of-exs-new-boyfriend,"October 12, 2018"
Florida man charged with threatening senators over Kavanaugh vote,https://www.local10.com/news/crime/florida-man-charged-with-threatening-senators-over-kavanaugh-vote,"October 5, 2018"
"Wig helps lead to arrest of Florida man in 7-Eleven robbery, deputies say",https://www.local10.com/news/florida/wig-helps-lead-to-arrest-of-florida-man-in-7-eleven-robbery-police-say,"February 3, 2019"
Florida man dies after altercation with police at Publix,https://www.local10.com/news/florida/florida-man-dies-after-altercation-with-police-at-publix,"May 21, 2018"
Naked Florida man causes fire while baking cookies on George Foreman Grill,https://www.local10.com/news/florida/naked-florida-man-causes-fire-baking-cookies-on-george-foreman-grill,"September 10, 2018"
"Florida man dies in e-cigarette explosion, police say",https://www.local10.com/health/florida-man-dies-in-ecigarette-explosion-police-say,"May 15, 2018"
Stolen smokes: Florida man gets 20 years for cigarette theft,https://www.local10.com/news/florida/stolen-smokes-florida-man-gets-20-years-for-cigarette-theft,"September 23, 2018"
"Florida man accused in fatal 'stand your ground' shooting posts $100,000 bail",https://www.local10.com/news/national/florida-man-accused-in-stand-your-ground-shooting-posts-100k-bail,"September 25, 2018"
Florida man threatened others before shooting man,https://www.local10.com/news/national/florida-man-threatened-others-before-shooting-man,"August 14, 2018"
GoFundMe ends Florida man's effort to raise money for border wall,https://www.local10.com/news/florida/wall-donations-refunded-or-shifted-to-non-profit-effort,"January 12, 2019"
"Florida man bags 1,000-lb. alligator",https://www.local10.com/news/talkers/florida-man-bags-1000lb-alligator,"August 23, 2018"
Florida man busted trying to take marijuana that washed up on beach,https://www.local10.com/news/florida/florida-man-busted-trying-to-take-marijuana-that-washed-up-on-beach,"September 14, 2018"
Florida man arrested for giving girlfriend a 'wet willy',https://www.local10.com/news/florida/florida-man-arrested-for-giving-girlfriend-a-wet-willy,"August 30, 2018"
"Florida man, 88, burns raccoon over eating mangoes, police say",https://www.local10.com/news/florida/florida-man-88-burns-raccoon-over-eating-mangoes-police-say,"August 18, 2018"
South Florida man used gun tied to weather balloon to fake his murder,https://www.local10.com/news/florida/palm-beach-county/south-florida-man-used-gun-tied-to-weather-balloon-to-fake-his-murder,"July 17, 2018"
Florida man charged with attacking minion on boardwalk,https://www.local10.com/news/florida/florida-man-charged-with-attacking-minion-on-boardwalk,"July 11, 2018"
Florida man kills himself after day-long standoff with deputies,https://www.local10.com/news/florida/florida-man-kills-himself-after-day-long-standoff-with-deputies,"July 8, 2018"
"Florida man accused of driving drunk, causing fiery crash that killed 5",https://www.local10.com/news/florida/florida-man-accused-of-driving-drunk-causing-fiery-crash-that-killed-5,"December 18, 2018"
"Florida man 'enjoyed' arrest, thought it was like being on 'Live PD'",https://www.local10.com/news/florida/florida-man-enjoyed-arrest-thought-it-was-like-being-on-live-pd,"July 6, 2018"
"Florida man stuffs balled-up baby wipe down infant's throat, police say",https://www.local10.com/news/florida/florida-man-stuffs-balled-up-baby-wipe-down-infants-throat,"July 20, 2018"
Hero waitress body slams Florida man who touched her buttocks,https://www.local10.com/news/hero-waitress-body-slams-florida-man-who-touched-her-buttocks,"July 20, 2018"
Florida man scheduled to be executed for 1992 murder of North Miami woman,https://www.local10.com/news/florida/north-miami/florida-man-scheduled-to-be-executed-for-1992-murder-of-north-miami-woman,"July 19, 2018"
"Florida man charged with murder in XXXTentacion's killing, police say",https://www.local10.com/entertainment/florida-man-charged-with-murder-in-xxxtentacions-killing-police-say,"June 21, 2018"
Lucky break: Florida man uses cast on his arm to save neighbor from fire,https://www.local10.com/news/talkers/lucky-break-florida-man-uses-cast-on-his-arm-to-save-neighbor-from-fire,"December 12, 2018"
"Florida man didn't drink while driving, only while stopped at traffic lights",https://www.local10.com/news/florida/florida-man-didnt-drink-while-driving-only-while-stopped-at-traffic-lights,"July 10, 2018"
Florida man wanted for hitting store clerk who refused to sell beer,https://www.local10.com/news/florida/florida-man-wanted-for-hitting-store-clerk-who-refused-to-sell-beer,"July 6, 2018"
Florida man seriously hurt in ocean warns of dangers of diving with waves,https://www.local10.com/news/florida/florida-man-seriously-hurt-in-ocean-warns-of-dangers-of-diving-with-waves,"July 4, 2018"
"Florida man worried about vampires burns down his house, police say",https://www.local10.com/news/florida/florida-man-worried-about-vampires-burns-down-his-house-police-say,"December 25, 2018"
Florida man caught masturbating tells police he's Captain Kirk from 'Star Trek',https://www.local10.com/news/weird-news/florida-man-caught-masturbating-tells-police-hes-captain-kirk-from-star-trek,"May 31, 2018"
"Florida man intentionally drove into family on bicycle ride, killing father, police say",https://www.local10.com/news/florida/florida-man-intentionally-drove-into-family-on-bicycle-ride-police-say,"June 25, 2018"
South Florida man impresses people nationwide while putting a spin on store sales,https://www.local10.com/news/south-florida-man-impresses-people-nationwide-while-putting-a-spin-on-store-sales,"January 2, 2019"
Florida man kills pit bull by dragging dog behind truck,https://www.local10.com/news/florida/florida-man-kills-pit-bull-by-dragging-dog-behind-truck,"June 13, 2018"
Florida man stuffs foot-long sub down pants in sandwich theft,https://www.local10.com/news/florida-man-stuffs-foot-long-sub-down-pants-in-sandwich-theft,"December 11, 2018"
"'Get out of my country,' Florida man tells customers at McDonald's",https://www.local10.com/news/florida/get-out-of-my-country-florida-man-tells-customers-at-mcdonalds,"May 24, 2018"
"Florida man who killed woman inside Walmart arrested, police say",https://www.local10.com/news/florida/florida-police-hunt-for-man-who-killed-woman-inside-walmart,"November 24, 2018"
"Florida man confesses to having sex with miniature pony, deputies say",https://www.local10.com/news/florida/florida-man-confesses-to-having-sex-with-miniature-pony-deputies-say,"November 20, 2018"
"Florida man passes himself off as decorated war veteran to land job, police say",https://www.local10.com/news/florida/florida-man-passes-himself-off-as-decorated-war-veteran-to-land-job-police-say,"April 4, 2018"
Florida man bitten after jumping into alligator farm exhibit,https://www.local10.com/news/florida/florida-man-bitten-after-jumping-into-alligator-farm-exhibit,"November 6, 2018"
South Florida man accused of helping fugitive father posts $2 million bond,https://www.local10.com/news/florida/miami-dade/south-florida-man-appears-in-bond-court-after-allegedly-helping-fugitive-father,"November 16, 2018"
"Florida man shoots wife on bathroom break, mistaking her for burglar",https://www.local10.com/news/florida/florida-man-shoots-wife-on-bathroom-break-mistaking-her-for-burglar,"April 28, 2018"
"Florida man interviews for Kohl's job, steals shoes on his way out",https://www.local10.com/news/florida/florida-man-interviews-for-kohls-job-steals-shoes-on-his-way-out,"December 10, 2018"
"South Florida man, 78, accused of giving 10-year-old girl herpes",https://www.local10.com/news/crime/south-florida-man-78-accused-of-giving-10-year-old-girl-herpes,"June 8, 2018"
"Florida man tells middle school son to fight another boy, shoves teen himself",https://www.local10.com/news/florida/florida-man-tells-middle-school-son-to-fight-another-boy-shoves-teen-himself,"March 21, 2018"
Florida man dressed as Fred Flintstone pulled over for driving 'footmobile',https://www.local10.com/news/talkers/florida-man-dressed-as-fred-flintstone-pulled-over-for-driving-footmobile-1,"November 13, 2018"
South Florida man bites dog's ear 'to establish dominance',https://www.local10.com/news/florida/palm-beach-county/south-florida-man-bites-dogs-ear-to-establish-dominance,"May 12, 2018"
South Florida man sentenced to 42 years in prison for fatally stabbing estranged girlfriend,https://www.local10.com/news/florida/palm-beach-county/south-florida-man-sentenced-to-42-years-in-prison-for-fatally-stabbing-estranged-girlfriend,"May 1, 2018"
"Florida man threatened to kidnap Lana Del Rey, police say",https://www.local10.com/news/florida/man-arrested-after-police-receive-tip-about-threat-to-lana-del-rey,"February 3, 2018"
South Florida man killed in skiing accident in Montana,https://www.local10.com/news/florida/broward/south-florida-man-killed-in-skiing-accident-in-montana,"February 2, 2018"
"South Florida man honors injured, fallen police officers from around US",https://www.local10.com/community/south-florida-man-honors-injured-fallen-police-officers-from-around-us,"April 27, 2018"
South Florida man gets 2 years for attacking Miami airport officers,https://www.local10.com/news/crime/south-florida-man-gets-2-years-for-attacking-miami-airport-officers,"April 18, 2018"
Florida man who posed as housewife to trick men into sex gets 3 years in prison,https://www.local10.com/news/florida/miami-dade/florida-man-who-posed-as-housewife-to-trick-men-into-sex-gets-3-years-in-prison,"December 3, 2018"
Florida man rigs door in attempt to electrocute estranged pregnant wife,https://www.local10.com/news/weird-news/florida-man-rigs-door-in-attempt-to-electrocute-estranged-pregnant-wife,"December 29, 2017"
Florida man says he punched ATM for giving too much money,https://www.local10.com/news/weird-news/florida-man-says-he-punched-atm-for-giving-too-much-money,"December 27, 2017"
"WKMG: Florida man drives across state to rape child he met online, deputies say",https://www.clickorlando.com/news/florida-man-drove-across-state-to-rape-child-he-met-online-deputies-say?utm_source=gmg&utm_campaign=links,"March 29, 2018"
Florida man makes beer run with gator in hand,https://www.local10.com/news/florida/florida-man-makes-beer-run-with-gator-in-hand-1,"July 28, 2018"
"Florida man beats stepson to death, forces boy's brothers to sleep with body",https://www.local10.com/news/florida/florida-man-beats-stepson-to-death-forces-boy-s-brothers-to-sleep-with-body,"January 2, 2018"
Prosecutor charges Florida man in 'stand your ground' case,https://www.local10.com/news/national/florida-man-charged-with-manslaughter-in-stand-your-ground-case,"August 13, 2018"
Size matters: Florida man arrested for dinner complaints,https://www.local10.com/news/florida/size-matters-florida-man-arrested-for-dinner-complaints,"December 23, 2017"
"Florida man, 20, claims $451 million Mega Millions lottery jackpot",https://www.local10.com/news/florida/florida-man-20-claims-451-million-lottery-jackpot,"January 12, 2018"
"Florida man arrested after urinating on floor of plane at airport, police say",https://www.local10.com/news/weird-news/florida-man-arrested-after-urinating-on-floor-of-plane-at-airport-police-say,"January 8, 2018"
South Florida man accused of watching teen get dressed through bedroom window,https://www.local10.com/news/florida/north-miami-beach/south-florida-man-accused-of-watching-girl-get-dressed-through-bedroom-window,"September 25, 2018"
"Florida man pepper sprays teen in fight over $3, police say",https://www.local10.com/news/national/florida-man-pepper-sprays-teen-in-fight-over-3-police-say,"September 7, 2018"
"Claiming years of abuse, South Florida man fatally shoots mother's boyfriend",https://www.local10.com/news/florida/palm-beach-county/claiming-years-of-abuse-south-florida-man-fatally-shoots-mothers-boyfriend,"October 24, 2018"
"South Florida man handcuffed boy to dog cage, refused to feed him, police say",https://www.local10.com/news/florida/palm-beach-county/south-florida-man-handcuffed-boy-to-dog-cage-refused-to-feed-him-police-say,"January 10, 2018"
South Florida man accused of boating while intoxicated after dinghy sinks,https://www.local10.com/news/florida/palm-beach-county/south-florida-man-accused-of-boating-while-intoxicated-after-dinghy-sinks,"January 4, 2018"
PHOTOS: Florida man dressed as Fred Flintstone pulled over in footmobile,https://www.local10.com/slideshow/photos-florida-man-dressed-as-fred-flintstone-pulled-over-in-footmobile,"November 12, 2018"
"South Florida man kidnaps, beats ex-girlfriend, police say",https://www.local10.com/news/crime/south-florida-man-kidnaps-beats-ex-girlfriend-police-say,"December 26, 2017"
"Florida man arrested after girlfriend, infant found dead inside burning apartment",http://www.local10.com/news/crime/florida-man-arrested-after-girlfriend-infant-found-dead-inside-burning-apartment,"August 28, 2017"
"Florida man arrested for doughnut glaze gets $37,500",https://www.local10.com/news/florida-man-arrested-for-doughnut-glaze-gets-37500,"October 16, 2017"
8 dead after Florida man drives through bicycle path in New York City,https://www.local10.com/news/8-dead-after-florida-man-drives-through-bicycle-path-in-new-york-city,"November 1, 2017"
"South Florida man fatally shoots twin of sibling's accused killer, police say",https://www.local10.com/news/crime/south-florida-man-fatally-shoots-twin-of-sibling-s-accused-killer,"December 1, 2017"
"Florida man tries to conceal $1,000 cash in rectum, deputies say",http://www.local10.com/news/weird-news/florida-man-tries-to-conceal-1000-cash-in-rectum-deputies-say,"August 29, 2017"
South Florida man hit by car during botched 'In My Feelings' challenge,https://www.local10.com/news/florida/palm-beach-county/south-florida-man-hit-by-car-during-botched-in-my-feelings-challenge,"July 31, 2018"
South Florida man sentenced to life in prison for killing friend during argument,https://www.local10.com/news/crime/south-florida-man-sentenced-to-life-in-prison-for-killing-friend-during-argument,"September 27, 2017"
South Florida man accused of killing twin brother's romantic rival,https://www.local10.com/news/crime/south-florida-man-accused-of-killing-twin-brothers-romantic-rival,"September 20, 2017"
Florida man accused of touching girls' buttocks in back-to-school aisle at Walmart,http://www.local10.com/news/crime/florida-man-accused-of-touching-girls-buttocks-in-back-to-school-aisle-at-walmart,"August 7, 2017"
South Florida man accused of pointing gun at driver in Key Largo,http://www.local10.com/news/crime/south-florida-man-accused-of-pointing-gun-at-driver-in-key-largo,"May 31, 2017"
"South Florida man kept woman from leaving home, wouldn't let children eat, police say",https://www.local10.com/news/crime/south-florida-man-kept-woman-from-leaving-home-wouldn-t-let-children-eat-police-say,"October 3, 2017"
VIDEO: Florida man streams dangerous beach ride on Facebook Live,http://www.local10.com/news/video-florida-man-streams-dangerous-beach-ride-on-facebook-live,"July 21, 2017"
"Florida man arrested after reporting cocaine stolen, deputies say",http://www.local10.com/news/florida-man-arrested-after-reporting-cocaine-stolen-deputies-say,"July 18, 2017"
"Florida man stabs wife during argument about divorce, arrest report says",http://www.local10.com/news/crime/florida-man-stabs-wife-during-argument-about-divorce-arrest-report-says,"July 7, 2017"
South Florida man accused of traveling to Sarasota County to meet vacationing teen,http://www.local10.com/news/crime/south-florida-man-accused-of-traveling-to-sarasota-county-to-meet-vacationing-teen,"April 24, 2017"
"South Florida man, 84, threatens to cut off wife's arms if she refuses sex",https://www.local10.com/news/crime/south-florida-man-84-threatens-to-cut-off-wifes-arms-if-she-refuses-sex,"September 1, 2017"
South Florida man wanted by FBI in alleged mortgage fraud scheme,http://www.local10.com/news/crime/south-florida-man-wanted-by-fbi-in-alleged-mortgage-fraud-scheme,"April 10, 2017"
"Exploding vape pen killed Florida man, autopsy confirms",https://www.local10.com/news/florida/exploding-vape-pen-killed-florida-man-autopsy-confirms,"May 16, 2018"
South Florida man travels around world to watch solar eclipses,http://www.local10.com/news/eclipse/south-florida-man-travels-around-world-to-watch-solar-eclipses,"August 15, 2017"
South Florida man confesses to accidentally shooting wife 30 years after claiming suicide,http://www.local10.com/news/crime/south-florida-man-confesses-to-accidentally-shooting-wife-30-years-after-claiming-suicide,"August 14, 2017"
Florida man finds alligator in his garage,http://www.local10.com/news/florida/florida-man-finds-alligator-in-his-garage,"March 17, 2017"
Roach lays egg in Florida man's ear,https://www.local10.com/news/florida/roach-lays-egg-in-florida-mans-ear,"May 31, 2018"
Dispute about hedgehog lands South Florida man in jail,http://www.local10.com/news/weird-news/dispute-about-hedgehog-lands-south-florida-man-in-jail,"August 1, 2017"
Florida man gets year in jail for burning girlfriend's bunny,http://www.local10.com/news/florida/florida-man-gets-year-in-jail-for-burning-girlfriends-bunny,"March 30, 2017"
Fleeing Florida man arrested when his pants fall down,https://www.local10.com/news/florida/fleeing-florida-man-arrested-when-his-pants-fall-down,"May 17, 2018"
"Suspect accused of kidnapping, robbing South Florida man, stealing his dog",http://www.local10.com/news/crime/suspect-accused-of-kidnapping-robbing-south-florida-man-stealing-his-dog,"April 5, 2017"
"South Florida man found, brought to JFK Medical Center",https://www.local10.com/news/florida/palm-beach-county/south-florida-man-found-brought-to-jfk-medical-center,"July 3, 2018"
"Florida man scares kids at playground, ranting about where babies come from, police say",https://www.local10.com/news/florida/florida-man-scares-kids-at-playground-ranting-about-babies-come-from-police-say,"May 21, 2018"
Florida man stuck in Bahamas worried about home,http://www.local10.com/weather/hurricane/florida-man-stuck-in-bahamas-worried-about-home,"October 6, 2016"
Florida man saves bald eagle from jaws of alligator,http://www.local10.com/news/florida/florida-man-saves-bald-eagle-from-jaws-of-alligator,"February 10, 2017"
South Florida man accused of threatening woman who mistakenly parked in driveway,http://www.local10.com/news/crime/south-florida-man-accused-of-threatening-woman-who-mistakenly-parked-in-driveway,"April 27, 2017"
South Florida man accused of smearing feces on HOA president's car,http://www.local10.com/news/weird-news/south-florida-man-accused-of-smearing-feces-on-hoa-presidents-car,"January 31, 2017"
South Florida man arrested in 2014 fatal shooting of 1-year-old,http://www.local10.com/news/crime/south-florida-man-arrested-in-2014-fatal-shooting-of-1-year-old,"February 22, 2017"
"Florida man arrested for putting video camera in stall of men's bathroom, deputies say",https://www.local10.com/news/florida/monroe-county/florida-man-arrested-for-putting-a-video-camera-in-stall-of-mens-bathroom,"June 27, 2018"
"South Florida man arrested after confessing to killing wife, police say",http://www.local10.com/news/crime/south-florida-man-arrested-after-confessing-to-killing-wife-police-say,"March 28, 2017"
South Florida man accused of stomping woman who picked up cigarettes in his yard,http://www.local10.com/news/crime/south-florida-man-accused-of-stomping-woman-who-picked-up-cigarettes-in-his-yard,"March 23, 2017"
South Florida man donates kidney to save wife's life,https://www.local10.com/health/south-florida-man-donates-kidney-to-save-wifes-life,"March 13, 2018"
Snake emerges from car's hood while Florida man driving,http://www.local10.com/news/weird-news/snake-emerges-from-cars-hood-while-florida-man-driving,"October 19, 2016"
Florida man wanted for questioning in connection to Miami Lakes slaying,https://www.local10.com/news/florida/miami-dade/florida-man-wanted-for-questioning-in-connection-to-miami-lakes-slaying,"July 20, 2018"
Florida man uses modified handgun to kill lionfish 100 feet underwater,http://www.local10.com/news/florida/florida-man-uses-modified-handgun-to-kill-lionfish-100-feet-underwater,"September 27, 2016"
"'I'm not a pedophile, I'm just a pervert': Florida man faces 52 child pornography charges",http://www.local10.com/news/im-not-a-pedophile-im-just-a-pervert-florida-man-faces-52-child-pornography-charges,"November 9, 2016"
"Florida man throws glass eye at hospital staff, police say",http://www.local10.com/news/weird-news/florida-man-throws-glass-eye-at-hospital-staff-police-say,"November 2, 2016"
"Florida man arrested, accused of fatally shooting off-duty firefighter",http://www.local10.com/news/florida/florida-man-arrested-accused-of-fatally-shooting-off-duty-firefighter,"August 6, 2016"
South Florida man accused of threatening Trump on Facebook,http://www.local10.com/news/crime/south-florida-man-accused-of-threatening-trump-on-facebook,"December 23, 2016"
"Florida man beats ex-wife to death in fight over infidelity, deputies say",https://www.local10.com/news/florida/florida-man-beats-ex-wife-to-death-in-fight-over-infidelity-deputies-say,"January 15, 2018"
"Florida man throws glass salsa jar at car in fit of road rage, FHP says",http://www.local10.com/news/weird-news/florida-man-throws-glass-salsa-jar-at-car-in-fit-of-road-rage-fhp-says,"July 26, 2016"
Florida man fighting to keep pizza-loving alligator,http://www.local10.com/news/talkers/florida-man-fighting-to-keep-pizzaloving-alligator,"July 18, 2016"
"South Florida man spreads word about catheter ablations, EKGs after son dies of WPW",https://www.local10.com/health/south-florida-man-spreads-word-about-catheter-ablations-ekgs-after-son-dies-of-wpw,"April 13, 2018"
"Teen fatally shoots South Florida man with victim's gun during drug buy, deputies say",http://www.local10.com/news/crime/teen-fatally-shoots-south-florida-man-with-victims-gun-during-drug-buy-deputies-say,"January 18, 2017"
"South Florida man robs former classmate, texts victim smiley-face emojis, deputies say",http://www.local10.com/news/weird-news/south-florida-man-robs-former-classmate-texts-victim-smiley-face-emojis,"October 13, 2016"
South Florida man hits woman with piece of wood because she wouldn't give him cigarettes,http://www.local10.com/news/crime/south-florida-man-hits-woman-with-piece-of-wood-because-she-wouldnt-give-him-cigarettes,"December 27, 2016"
"South Florida man steals more than $45,000 worth of socks, police say",http://www.local10.com/news/weird-news/south-florida-man-steals-more-than-45000-worth-of-socks-police-say,"September 19, 2016"
Florida man gets 8 years for timeshare fraud in Texas,http://www.local10.com/news/florida-man-gets-8-years-for-timeshare-fraud-in-texas,"May 14, 2016"
Alligator attacks Florida man in Bushnell,http://www.local10.com/news/alligator-attacks-florida-man-in-bushnell,"June 22, 2016"
Florida man finds bullet hole in arm 3 days after accidentally shooting self,http://www.local10.com/news/weird-news/florida-man-finds-bullet-hole-in-arm-3-days-after-accidentally-shooting-self,"May 10, 2016"
"South Florida man uses oxygen machine to attack tow truck driver, deputies say",http://www.local10.com/news/weird-news/south-florida-man-uses-oxygen-machine-to-attack-tow-truck-driver-deputies-say,"November 30, 2016"
Florida man with 0.604 blood-alcohol level denies drunken driving,http://www.local10.com/news/weird-news/florida-man-with-0604-blood-alcohol-level-denies-drunken-driving,"May 5, 2016"
"South Florida man stabs father who tried to circumcise him, police say",http://www.local10.com/news/weird-news/south-florida-man-stabs-father-who-tried-to-circumcise-him-police-say,"November 21, 2016"
Florida man accused of lying in ISIS support investigation,http://www.local10.com/news/florida/florida-man-accused-of-lying-in-isis-support-investigation,"July 28, 2016"
South Florida man on run nearly 20 years in U.S. custody,http://www.local10.com/news/south-florida-man-on-run-nearly-20-years-in-us-custody,"April 3, 2016"
"Florida man holding ""Death to America"" sign beaten by couple",http://www.local10.com/news/florida/florida-man-holding-death-to-america-sign-beaten-by-couple,"March 31, 2016"
Florida man says gator killed dog,http://www.local10.com/news/florida/florida-man-says-gator-killed-dog,"June 24, 2016"
Florida man finds 9-foot alligator at bottom of swimming pool,http://www.local10.com/news/florida-man-finds-9-foot-alligator-at-bottom-of-swimming-pool,"March 3, 2016"
"South Florida man ties up girlfriend, posts beating to Snapchat, police say",http://www.local10.com/news/weird-news/south-florida-man-ties-up-girlfriend-posts-it-to-snapchat-police-say,"June 10, 2016"
"Florida man says too much music, masturbation made him vandalize home",http://www.local10.com/news/weird-news/florida-man-says-too-much-music-masturbation-made-him-vandalize-home,"April 12, 2016"
Florida man with 2 wives charged with bigamy,https://www.local10.com/news/florida/florida-man-with-two-wives-charged-with-bigamy,"December 14, 2017"
"Florida man arrested after calling 911 to report he was driving drunk, deputies say",https://www.local10.com/news/florida-man-arrested-after-calling-911-to-report-that-he-was-driving-drunk-deputies-say,"January 5, 2018"
"Florida man fed up with troublesome intersection intentionally causes crash, deputies say",https://www.local10.com/news/man-fed-up-with-troublesome-intersection-intentionally-causes-crash-deputies-say,"November 21, 2017"
Florida man alleges bobcat attack; condo owner says it was housecat,https://www.local10.com/news/weird-news/florida-man-alleges-bobcat-attack-condo-owner-says-it-was-housecat,"January 5, 2018"
South Florida man hopes to clear son's name after son found with stolen police vest,http://www.local10.com/news/south-florida-man-hopes-to-clear-sons-name-after-son-found-with-stolen-police-vest,"May 6, 2016"
Florida man calls 911 after hearing wife being kidnapped,http://www.local10.com/news/national/florida-man-calls-911-after-hearing-wife-being-kidnapped,"May 7, 2016"
Florida man accused of growing marijuana surrenders after hearing police helicopter outside,http://www.local10.com/news/florida-man-accused-of-growing-marijuana-surrenders-after-hearing-police-helicopter-outside,"December 10, 2015"
South Florida man accused of conning elderly couple in Minnesota,http://www.local10.com/news/south-florida-man-accused-of-conning-elderly-couple-in-minnesota,"April 6, 2016"
Florida man bitten in face by rattlesnake while trying to kiss it,http://www.local10.com/news/weird-news/florida-man-bitten-in-face-by-rattlesnake-while-trying-to-kiss-it,"May 18, 2017"
Florida man calls 911 for ride to Hooters,http://www.local10.com/news/911-call-for-ride-to-hooters-ended-with-trip-to-florida-jail,"June 8, 2017"
Shirtless Florida man threatens parents with rifle in school pickup line,https://www.local10.com/news/florida/shirtless-florida-man-threatens-parents-in-school-pickup-line-with-rifle,"August 30, 2017"
Report: Florida man shot dead after answering Facebook ad for dog,http://www.local10.com/news/report-florida-man-shot-dead-after-answering-facebook-ad-for-dog,"June 12, 2017"
South Florida man identified among soldiers killed in Africa ambush,https://www.local10.com/news/military/south-florida-man-identified-among-soldiers-killed-in-africa-ambush,"October 10, 2017"
Florida man suffers burns putting on flaming jersey,https://www.local10.com/news/weird-news/florida-man-suffers-burns-putting-on-flaming-jersey,"October 10, 2017"
Florida man charged for eating pancakes in middle of the road,http://www.local10.com/news/weird-news/florida-man-charged-for-eating-pancakes-in-middle-of-the-road,"March 24, 2017"
WATCH: Florida man busted during raid while on Facebook Live,http://www.local10.com/news/florida-man-busted-during-raid-while-on-facebook-live,"June 2, 2017"
Florida man breaks into woman's home to pet family cat,http://www.local10.com/news/weird-news/florida-man-breaks-into-womans-home-to-pet-family-cat,"December 2, 2016"
"Florida man kidnaps girl on her way to prom, deputies say",http://www.local10.com/news/florida-man-kidnaps-girl-on-her-way-to-prom-deputies-say,"May 2, 2017"
Florida man says he shot cat that pooped in his yard,http://www.local10.com/pets/man-says-he-shot-cat-that-pooped-in-his-yard,"January 31, 2017"
Knife fight leads to South Florida man's arrest,http://www.local10.com/news/crime/knife-fight-leads-to-south-florida-mans-arrest,"April 20, 2017"
Deputies: Florida man confessed to killing ex-college prof,http://www.local10.com/news/deputies-florida-man-confessed-to-killing-excollege-prof,"January 15, 2017"
Florida man faces life for selling cocaine found at sea,http://www.local10.com/news/florida-man-faces-life-for-selling-cocaine-found-at-sea,"January 26, 2017"
Florida man sets fossilized feces record,http://www.local10.com/news/talkers/florida-man-sets-fossilized-feces-record,"November 16, 2016"
Florida man dressed as Santa arrested on drug charges,http://www.local10.com/news/florida/police-man-dressed-as-santa-arrested-for-drugs,"December 20, 2016"
Florida man who cited Jesus for crime pleads guilty,http://www.local10.com/news/man-who-cited-jesus-for-crime-pleads-guilty,"February 3, 2017"
"South Florida man steals ex-girlfriend's keys, breaks into home, kills dog, police say",http://www.local10.com/news/crime/south-florida-man-steals-ex-girlfriends-keys-breaks-into-home-kills-dog-police-say,"May 31, 2017"
Florida man shoots new wife after not getting sex,http://www.local10.com/news/weird-news/florida-man-shoots-new-wife-after-not-getting-sex,"February 9, 2017"
Florida man rescued after treading water for 20 hours,http://www.local10.com/news/national/florida-man-rescued-after-treading-water-for-20-hours,"June 3, 2016"
South Florida man accused of stealing Maserati during test drive,http://www.local10.com/news/crime/south-florida-man-steals-maserati-during-test-drive,"March 1, 2017"
"Bullet lodges in Florida man's testicles after wife shoots him, deputies say",http://www.local10.com/news/florida/bullet-lodges-in-florida-mans-testicles-after-wife-shoots-him-deputies-say,"March 31, 2016"
"Florida man attacks flamingo at Busch Gardens, police say",http://www.local10.com/news/florida/florida-man-attacks-flamingo-at-busch-gardens-police-say,"August 3, 2016"
South Florida man alleges undercover detective assaulted him during traffic stop,http://www.local10.com/news/local-10-investigates/south-florida-man-alleges-undercover-detective-assaulted-him-during-traffic-stop,"May 12, 2017"
"Florida man shot, killed brother over cheeseburger, police say",http://www.local10.com/news/florida/florida-man-shot-killed-brother-over-cheeseburger,"May 6, 2016"
Florida man charged for soliciting sex with dogs on Craigslist,http://www.local10.com/news/weird-news/florida-man-charged-for-soliciting-sex-with-dogs-on-craigslist,"April 22, 2016"
"South Florida man, 26, arrested for sexual relationship with teen, deputies say",http://www.local10.com/news/crime/south-florida-man-26-arrested-for-sexual-relationship-with-teen-deputies-say,"August 10, 2016"
South Florida man accused in terror plot hand-writes motion to dismiss charges,http://www.local10.com/news/crime/south-florida-man-accused-in-terror-plot-hand-writes-motion-to-dismiss-charges-,"June 2, 2016"
